fraccion,agente,dominio,propio,registros_directorio,reconocido,acierto_clf,ratio_centroide
0.0,apple,apple,True,128,1.0,1.0,0.3598487049341202
0.0,apple,car,False,128,0.0,nan,nan
0.0,apple,cow,False,128,0.0,nan,nan
0.0,apple,cup,False,128,0.0,nan,nan
0.0,apple,dog,False,128,0.0,nan,nan
0.0,apple,horse,False,128,0.0,nan,nan
0.0,apple,pear,False,128,0.0,nan,nan
0.0,apple,tomato,False,128,0.0,nan,nan
0.0,car,apple,False,128,0.0,nan,nan
0.0,car,car,True,128,1.0,1.0,0.45985120832920073
0.0,car,cow,False,128,0.0,nan,nan
0.0,car,cup,False,128,0.0,nan,nan
0.0,car,dog,False,128,0.0,nan,nan
0.0,car,horse,False,128,0.0,nan,nan
0.0,car,pear,False,128,0.0,nan,nan
0.0,car,tomato,False,128,0.0,nan,nan
0.0,cow,apple,False,128,0.0,nan,nan
0.0,cow,car,False,128,0.0,nan,nan
0.0,cow,cow,True,128,1.0,1.0,0.31831422746181487
0.0,cow,cup,False,128,0.0,nan,nan
0.0,cow,dog,False,128,0.0,nan,nan
0.0,cow,horse,False,128,0.0,nan,nan
0.0,cow,pear,False,128,0.0,nan,nan
0.0,cow,tomato,False,128,0.0,nan,nan
0.0,cup,apple,False,128,0.0,nan,nan
0.0,cup,car,False,128,0.0,nan,nan
0.0,cup,cow,False,128,0.0,nan,nan
0.0,cup,cup,True,128,1.0,1.0,0.4289687663316727
0.0,cup,dog,False,128,0.0,nan,nan
0.0,cup,horse,False,128,0.0,nan,nan
0.0,cup,pear,False,128,0.0,nan,nan
0.0,cup,tomato,False,128,0.0,nan,nan
0.0,dog,apple,False,128,0.0,nan,nan
0.0,dog,car,False,128,0.0,nan,nan
0.0,dog,cow,False,128,0.0,nan,nan
0.0,dog,cup,False,128,0.0,nan,nan
0.0,dog,dog,True,128,1.0,1.0,0.4303111910820007
0.0,dog,horse,False,128,0.0,nan,nan
0.0,dog,pear,False,128,0.0,nan,nan
0.0,dog,tomato,False,128,0.0,nan,nan
0.0,horse,apple,False,128,0.0,nan,nan
0.0,horse,car,False,128,0.0,nan,nan
0.0,horse,cow,False,128,0.0,nan,nan
0.0,horse,cup,False,128,0.0,nan,nan
0.0,horse,dog,False,128,0.0,nan,nan
0.0,horse,horse,True,128,1.0,1.0,0.3445014268159866
0.0,horse,pear,False,128,0.0,nan,nan
0.0,horse,tomato,False,128,0.0,nan,nan
0.0,pear,apple,False,128,0.0,nan,nan
0.0,pear,car,False,128,0.0,nan,nan
0.0,pear,cow,False,128,0.0,nan,nan
0.0,pear,cup,False,128,0.0,nan,nan
0.0,pear,dog,False,128,0.0,nan,nan
0.0,pear,horse,False,128,0.0,nan,nan
0.0,pear,pear,True,128,1.0,1.0,0.36104785203933715
0.0,pear,tomato,False,128,0.0,nan,nan
0.0,tomato,apple,False,128,0.0,nan,nan
0.0,tomato,car,False,128,0.0,nan,nan
0.0,tomato,cow,False,128,0.0,nan,nan
0.0,tomato,cup,False,128,0.0,nan,nan
0.0,tomato,dog,False,128,0.0,nan,nan
0.0,tomato,horse,False,128,0.0,nan,nan
0.0,tomato,pear,False,128,0.0,nan,nan
0.0,tomato,tomato,True,128,1.0,1.0,0.34900296330451963
0.0078125,apple,apple,True,135,1.0,1.0,0.36193086206912994
0.0078125,apple,car,False,135,1.0,1.0,0.4220262676477432
0.0078125,apple,cow,False,135,0.0,nan,nan
0.0078125,apple,cup,False,135,1.0,1.0,0.5252847075462341
0.0078125,apple,dog,False,135,1.0,1.0,0.44873673617839815
0.0078125,apple,horse,False,135,1.0,1.0,0.2725563943386078
0.0078125,apple,pear,False,135,1.0,1.0,0.4047737419605255
0.0078125,apple,tomato,False,135,0.0,nan,nan
0.0078125,car,apple,False,132,1.0,1.0,0.3992937207221985
0.0078125,car,car,True,132,1.0,1.0,0.46203692853450773
0.0078125,car,cow,False,132,0.0,nan,nan
0.0078125,car,cup,False,132,1.0,1.0,0.4050582945346832
0.0078125,car,dog,False,132,0.0,nan,nan
0.0078125,car,horse,False,132,0.0,nan,nan
0.0078125,car,pear,False,132,1.0,1.0,0.34590914845466614
0.0078125,car,tomato,False,132,1.0,1.0,0.27391529083251953
0.0078125,cow,apple,False,130,0.0,nan,nan
0.0078125,cow,car,False,130,0.0,nan,nan
0.0078125,cow,cow,True,130,1.0,1.0,0.3078635990619659
0.0078125,cow,cup,False,130,1.0,1.0,0.29101333022117615
0.0078125,cow,dog,False,130,0.0,nan,nan
0.0078125,cow,horse,False,130,1.0,1.0,0.3439732789993286
0.0078125,cow,pear,False,130,0.0,nan,nan
0.0078125,cow,tomato,False,130,0.0,nan,nan
0.0078125,cup,apple,False,135,0.0,nan,nan
0.0078125,cup,car,False,135,1.0,1.0,0.5165407687425614
0.0078125,cup,cow,False,135,1.0,1.0,0.33070957362651826
0.0078125,cup,cup,True,135,1.0,1.0,0.447247838973999
0.0078125,cup,dog,False,135,1.0,1.0,0.4207887649536133
0.0078125,cup,horse,False,135,1.0,1.0,0.44083651900291443
0.0078125,cup,pear,False,135,0.0,nan,nan
0.0078125,cup,tomato,False,135,0.0,nan,nan
0.0078125,dog,apple,False,134,1.0,1.0,0.23639817535877228
0.0078125,dog,car,False,134,1.0,1.0,0.4427463710308075
0.0078125,dog,cow,False,134,1.0,1.0,0.23402936309576033
0.0078125,dog,cup,False,134,0.0,nan,nan
0.0078125,dog,dog,True,134,1.0,1.0,0.4421950250864029
0.0078125,dog,horse,False,134,0.0,nan,nan
0.0078125,dog,pear,False,134,1.0,1.0,0.45232799649238586
0.0078125,dog,tomato,False,134,1.0,1.0,0.3811758756637573
0.0078125,horse,apple,False,132,0.0,nan,nan
0.0078125,horse,car,False,132,1.0,1.0,0.22718912363052368
0.0078125,horse,cow,False,132,1.0,1.0,0.2909155488014221
0.0078125,horse,cup,False,132,1.0,1.0,0.6470271944999695
0.0078125,horse,dog,False,132,0.0,nan,nan
0.0078125,horse,horse,True,132,1.0,1.0,0.3614971160888672
0.0078125,horse,pear,False,132,0.0,nan,nan
0.0078125,horse,tomato,False,132,1.0,1.0,0.22829410433769226
0.0078125,pear,apple,False,135,0.0,nan,nan
0.0078125,pear,car,False,135,0.0,nan,nan
0.0078125,pear,cow,False,135,1.0,1.0,0.3316622912883759
0.0078125,pear,cup,False,135,1.0,1.0,0.45818527340888976
0.0078125,pear,dog,False,135,0.0,nan,nan
0.0078125,pear,horse,False,135,1.0,1.0,0.3852263391017914
0.0078125,pear,pear,True,135,1.0,1.0,0.3572925865650177
0.0078125,pear,tomato,False,135,1.0,1.0,0.2605238690972328
0.0078125,tomato,apple,False,136,0.0,nan,nan
0.0078125,tomato,car,False,136,1.0,1.0,0.5223453044891357
0.0078125,tomato,cow,False,136,0.0,nan,nan
0.0078125,tomato,cup,False,136,1.0,1.0,0.517311516404152
0.0078125,tomato,dog,False,136,1.0,1.0,0.4062049388885498
0.0078125,tomato,horse,False,136,1.0,1.0,0.46002575755119324
0.0078125,tomato,pear,False,136,1.0,1.0,0.33154070377349854
0.0078125,tomato,tomato,True,136,1.0,1.0,0.3682539641857147
0.015625,apple,apple,True,145,1.0,1.0,0.3652963310480118
0.015625,apple,car,False,145,1.0,1.0,0.4325940251350403
0.015625,apple,cow,False,145,1.0,1.0,0.32407432794570923
0.015625,apple,cup,False,145,1.0,1.0,0.5252847075462341
0.015625,apple,dog,False,145,1.0,1.0,0.4450816631317139
0.015625,apple,horse,False,145,1.0,1.0,0.2725563943386078
0.015625,apple,pear,False,145,1.0,1.0,0.34819666743278505
0.015625,apple,tomato,False,145,1.0,1.0,0.43905588090419767
0.015625,car,apple,False,139,1.0,1.0,0.45549121499061584
0.015625,car,car,True,139,1.0,1.0,0.4531186044216156
0.015625,car,cow,False,139,1.0,1.0,0.25757938623428345
0.015625,car,cup,False,139,1.0,1.0,0.35299466252326966
0.015625,car,dog,False,139,1.0,1.0,0.393746942281723
0.015625,car,horse,False,139,1.0,1.0,0.3487594723701477
0.015625,car,pear,False,139,1.0,1.0,0.29180033802986144
0.015625,car,tomato,False,139,1.0,1.0,0.3807633936405182
0.015625,cow,apple,False,144,1.0,1.0,0.24613939225673676
0.015625,cow,car,False,144,1.0,1.0,0.5219980686903
0.015625,cow,cow,True,144,1.0,1.0,0.31087576746940615
0.015625,cow,cup,False,144,1.0,1.0,0.38940303921699526
0.015625,cow,dog,False,144,1.0,1.0,0.4665311574935913
0.015625,cow,horse,False,144,1.0,1.0,0.38553136885166167
0.015625,cow,pear,False,144,1.0,1.0,0.39334587156772616
0.015625,cow,tomato,False,144,1.0,1.0,0.4224475622177124
0.015625,cup,apple,False,143,1.0,1.0,0.37074923515319824
0.015625,cup,car,False,143,1.0,1.0,0.48925535976886747
0.015625,cup,cow,False,143,1.0,1.0,0.314955735206604
0.015625,cup,cup,True,143,1.0,1.0,0.4325993865728378
0.015625,cup,dog,False,143,1.0,1.0,0.4207887649536133
0.015625,cup,horse,False,143,1.0,1.0,0.4152804583311081
0.015625,cup,pear,False,143,0.0,nan,nan
0.015625,cup,tomato,False,143,1.0,1.0,0.3684978485107422
0.015625,dog,apple,False,143,1.0,1.0,0.30755393803119657
0.015625,dog,car,False,143,1.0,1.0,0.44500906467437745
0.015625,dog,cow,False,143,1.0,1.0,0.31635529100894927
0.015625,dog,cup,False,143,0.0,nan,nan
0.015625,dog,dog,True,143,1.0,1.0,0.43559307157993316
0.015625,dog,horse,False,143,1.0,1.0,0.3897759854793549
0.015625,dog,pear,False,143,1.0,1.0,0.45232799649238586
0.015625,dog,tomato,False,143,1.0,1.0,0.289621838927269
0.015625,horse,apple,False,138,1.0,1.0,0.5443919897079468
0.015625,horse,car,False,138,1.0,1.0,0.3875328987836838
0.015625,horse,cow,False,138,1.0,1.0,0.24271626323461531
0.015625,horse,cup,False,138,1.0,1.0,0.6470271944999695
0.015625,horse,dog,False,138,1.0,1.0,0.5237516164779663
0.015625,horse,horse,True,138,1.0,1.0,0.36608207523822783
0.015625,horse,pear,False,138,0.0,nan,nan
0.015625,horse,tomato,False,138,1.0,1.0,0.3809197723865509
0.015625,pear,apple,False,138,0.0,nan,nan
0.015625,pear,car,False,138,0.0,nan,nan
0.015625,pear,cow,False,138,1.0,1.0,0.3229273080825806
0.015625,pear,cup,False,138,1.0,1.0,0.45291970670223236
0.015625,pear,dog,False,138,1.0,1.0,0.4711841344833374
0.015625,pear,horse,False,138,1.0,1.0,0.345532101392746
0.015625,pear,pear,True,138,1.0,1.0,0.3582118541002274
0.015625,pear,tomato,False,138,1.0,1.0,0.27025007605552676
0.015625,tomato,apple,False,139,0.0,nan,nan
0.015625,tomato,car,False,139,1.0,1.0,0.5160214960575104
0.015625,tomato,cow,False,139,1.0,1.0,0.2684151828289032
0.015625,tomato,cup,False,139,1.0,1.0,0.47060381770133974
0.015625,tomato,dog,False,139,1.0,1.0,0.4062049388885498
0.015625,tomato,horse,False,139,1.0,1.0,0.46002575755119324
0.015625,tomato,pear,False,139,1.0,1.0,0.3351779043674469
0.015625,tomato,tomato,True,139,1.0,1.0,0.3626736462116241
0.03125,apple,apple,True,161,1.0,1.0,0.3683429449796677
0.03125,apple,car,False,161,1.0,1.0,0.4236558526754379
0.03125,apple,cow,False,161,1.0,1.0,0.32428407967090606
0.03125,apple,cup,False,161,1.0,1.0,0.4646612823009491
0.03125,apple,dog,False,161,1.0,1.0,0.4239823162555695
0.03125,apple,horse,False,161,1.0,1.0,0.31533061861991885
0.03125,apple,pear,False,161,1.0,1.0,0.3825285732746124
0.03125,apple,tomato,False,161,1.0,1.0,0.4336590677499771
0.03125,car,apple,False,150,1.0,1.0,0.4746266186237335
0.03125,car,car,True,150,1.0,1.0,0.4659308552742004
0.03125,car,cow,False,150,1.0,1.0,0.25063314735889436
0.03125,car,cup,False,150,1.0,1.0,0.5634807020425796
0.03125,car,dog,False,150,1.0,1.0,0.399600026011467
0.03125,car,horse,False,150,1.0,1.0,0.3487594723701477
0.03125,car,pear,False,150,1.0,1.0,0.29072622060775755
0.03125,car,tomato,False,150,1.0,1.0,0.34250385463237765
0.03125,cow,apple,False,157,1.0,1.0,0.39316153824329375
0.03125,cow,car,False,157,1.0,1.0,0.49461968541145324
0.03125,cow,cow,True,157,1.0,1.0,0.34040145576000214
0.03125,cow,cup,False,157,1.0,1.0,0.3476942598819733
0.03125,cow,dog,False,157,1.0,1.0,0.40910580158233645
0.03125,cow,horse,False,157,1.0,1.0,0.39512828588485716
0.03125,cow,pear,False,157,1.0,1.0,0.40457365810871126
0.03125,cow,tomato,False,157,1.0,1.0,0.34764031171798704
0.03125,cup,apple,False,160,1.0,1.0,0.3659508556127548
0.03125,cup,car,False,160,1.0,1.0,0.4505620837211609
0.03125,cup,cow,False,160,1.0,1.0,0.3606789350509644
0.03125,cup,cup,True,160,1.0,1.0,0.45573360919952394
0.03125,cup,dog,False,160,1.0,1.0,0.4384345144033432
0.03125,cup,horse,False,160,1.0,1.0,0.3909424364566803
0.03125,cup,pear,False,160,1.0,1.0,0.3113777726888657
0.03125,cup,tomato,False,160,1.0,1.0,0.3400770783424377
0.03125,dog,apple,False,159,1.0,1.0,0.3337564945220947
0.03125,dog,car,False,159,1.0,1.0,0.4513537913560867
0.03125,dog,cow,False,159,1.0,1.0,0.3156673014163971
0.03125,dog,cup,False,159,1.0,1.0,0.3413738697767258
0.03125,dog,dog,True,159,1.0,1.0,0.44202081859111786
0.03125,dog,horse,False,159,1.0,1.0,0.36238967478275297
0.03125,dog,pear,False,159,1.0,1.0,0.4272484064102173
0.03125,dog,tomato,False,159,1.0,1.0,0.3566338539123535
0.03125,horse,apple,False,150,1.0,1.0,0.5443919897079468
0.03125,horse,car,False,150,1.0,1.0,0.4030163615942001
0.03125,horse,cow,False,150,1.0,1.0,0.24128361642360688
0.03125,horse,cup,False,150,1.0,1.0,0.4705084562301636
0.03125,horse,dog,False,150,1.0,1.0,0.4979339212179184
0.03125,horse,horse,True,150,1.0,1.0,0.37237903773784636
0.03125,horse,pear,False,150,1.0,1.0,0.3618697911500931
0.03125,horse,tomato,False,150,1.0,1.0,0.4127579003572464
0.03125,pear,apple,False,146,1.0,1.0,0.39106365740299226
0.03125,pear,car,False,146,0.0,nan,nan
0.03125,pear,cow,False,146,1.0,1.0,0.3078999102115631
0.03125,pear,cup,False,146,1.0,1.0,0.44697554409503937
0.03125,pear,dog,False,146,1.0,1.0,0.4711841344833374
0.03125,pear,horse,False,146,1.0,1.0,0.3627734243869781
0.03125,pear,pear,True,146,1.0,1.0,0.36738368570804597
0.03125,pear,tomato,False,146,1.0,1.0,0.289708611369133
0.03125,tomato,apple,False,155,1.0,1.0,0.40085470378398896
0.03125,tomato,car,False,155,1.0,1.0,0.4965829610824585
0.03125,tomato,cow,False,155,1.0,1.0,0.27148634642362596
0.03125,tomato,cup,False,155,1.0,1.0,0.42821958661079407
0.03125,tomato,dog,False,155,1.0,1.0,0.3939922899007797
0.03125,tomato,horse,False,155,1.0,1.0,0.3300196498632431
0.03125,tomato,pear,False,155,1.0,1.0,0.33535789251327514
0.03125,tomato,tomato,True,155,1.0,1.0,0.35562862157821656
0.0625,apple,apple,True,185,1.0,1.0,0.3771598607301712
0.0625,apple,car,False,185,1.0,1.0,0.4101697951555252
0.0625,apple,cow,False,185,1.0,1.0,0.3028159856796265
0.0625,apple,cup,False,185,1.0,1.0,0.4464790403842926
0.0625,apple,dog,False,185,1.0,1.0,0.4249446362257004
0.0625,apple,horse,False,185,1.0,1.0,0.37003236413002016
0.0625,apple,pear,False,185,1.0,1.0,0.38961667716503146
0.0625,apple,tomato,False,185,1.0,1.0,0.41198751926422117
0.0625,car,apple,False,182,1.0,1.0,0.3894196718931198
0.0625,car,car,True,182,1.0,1.0,0.4569806486368179
0.0625,car,cow,False,182,1.0,1.0,0.31987364590168
0.0625,car,cup,False,182,1.0,1.0,0.5136052578687668
0.0625,car,dog,False,182,1.0,1.0,0.4310709059238434
0.0625,car,horse,False,182,1.0,1.0,0.37163765728473663
0.0625,car,pear,False,182,1.0,1.0,0.3686878442764282
0.0625,car,tomato,False,182,1.0,1.0,0.353596967458725
0.0625,cow,apple,False,186,1.0,1.0,0.3713113874197006
0.0625,cow,car,False,186,1.0,1.0,0.4801681607961655
0.0625,cow,cow,True,186,1.0,1.0,0.3348789721727371
0.0625,cow,cup,False,186,1.0,1.0,0.34334487915039064
0.0625,cow,dog,False,186,1.0,1.0,0.44847577810287476
0.0625,cow,horse,False,186,1.0,1.0,0.4240404814481735
0.0625,cow,pear,False,186,1.0,1.0,0.39284399449825286
0.0625,cow,tomato,False,186,1.0,1.0,0.3645775705575943
0.0625,cup,apple,False,189,1.0,1.0,0.4320871651172638
0.0625,cup,car,False,189,1.0,1.0,0.45294819176197054
0.0625,cup,cow,False,189,1.0,1.0,0.32130295038223267
0.0625,cup,cup,True,189,1.0,1.0,0.4570559024810791
0.0625,cup,dog,False,189,1.0,1.0,0.4319281667470932
0.0625,cup,horse,False,189,1.0,1.0,0.36914091408252714
0.0625,cup,pear,False,189,1.0,1.0,0.36035623848438264
0.0625,cup,tomato,False,189,1.0,1.0,0.3452859789133072
0.0625,dog,apple,False,188,1.0,1.0,0.3405258059501648
0.0625,dog,car,False,188,1.0,1.0,0.4684290707111359
0.0625,dog,cow,False,188,1.0,1.0,0.27281891405582426
0.0625,dog,cup,False,188,1.0,1.0,0.45144025683403016
0.0625,dog,dog,True,188,1.0,1.0,0.4373839020729065
0.0625,dog,horse,False,188,1.0,1.0,0.3810074746608734
0.0625,dog,pear,False,188,1.0,1.0,0.4139257311820984
0.0625,dog,tomato,False,188,1.0,1.0,0.3883046001195908
0.0625,horse,apple,False,183,1.0,1.0,0.4667666494846344
0.0625,horse,car,False,183,1.0,1.0,0.44081470370292664
0.0625,horse,cow,False,183,1.0,1.0,0.31455824077129363
0.0625,horse,cup,False,183,1.0,1.0,0.4395726382732391
0.0625,horse,dog,False,183,1.0,1.0,0.45499283373355864
0.0625,horse,horse,True,183,1.0,1.0,0.3694437503814697
0.0625,horse,pear,False,183,1.0,1.0,0.40492658615112304
0.0625,horse,tomato,False,183,1.0,1.0,0.38697356879711153
0.0625,pear,apple,False,183,1.0,1.0,0.35463361740112304
0.0625,pear,car,False,183,1.0,1.0,0.48758274912834165
0.0625,pear,cow,False,183,1.0,1.0,0.2890754520893097
0.0625,pear,cup,False,183,1.0,1.0,0.4353633224964142
0.0625,pear,dog,False,183,1.0,1.0,0.41404072344303133
0.0625,pear,horse,False,183,1.0,1.0,0.3621707558631897
0.0625,pear,pear,True,183,1.0,1.0,0.35964099168777464
0.0625,pear,tomato,False,183,1.0,1.0,0.33883009254932406
0.0625,tomato,apple,False,181,1.0,1.0,0.39167713224887846
0.0625,tomato,car,False,181,1.0,1.0,0.4759414970874786
0.0625,tomato,cow,False,181,1.0,1.0,0.2656730696558952
0.0625,tomato,cup,False,181,1.0,1.0,0.42642278373241427
0.0625,tomato,dog,False,181,1.0,1.0,0.41484686732292175
0.0625,tomato,horse,False,181,1.0,1.0,0.3465052455663681
0.0625,tomato,pear,False,181,1.0,1.0,0.3213373601436615
0.0625,tomato,tomato,True,181,1.0,1.0,0.37036043405532837
0.125,apple,apple,True,232,1.0,1.0,0.38391928374767303
0.125,apple,car,False,232,1.0,1.0,0.4273045301437378
0.125,apple,cow,False,232,1.0,1.0,0.32634408473968507
0.125,apple,cup,False,232,1.0,1.0,0.45377040803432467
0.125,apple,dog,False,232,1.0,1.0,0.4126331448554993
0.125,apple,horse,False,232,1.0,1.0,0.37155172526836394
0.125,apple,pear,False,232,1.0,1.0,0.39252784550189973
0.125,apple,tomato,False,232,1.0,1.0,0.40745938420295713
0.125,car,apple,False,235,1.0,1.0,0.4274992078542709
0.125,car,car,True,235,1.0,1.0,0.4543804258108139
0.125,car,cow,False,235,1.0,1.0,0.3499928891658783
0.125,car,cup,False,235,1.0,1.0,0.5286994814872742
0.125,car,dog,False,235,1.0,1.0,0.42684448659420016
0.125,car,horse,False,235,1.0,1.0,0.3618765026330948
0.125,car,pear,False,235,1.0,1.0,0.39392087757587435
0.125,car,tomato,False,235,1.0,1.0,0.3759260892868042
0.125,cow,apple,False,249,1.0,1.0,0.4382468551397324
0.125,cow,car,False,249,1.0,1.0,0.4853255867958069
0.125,cow,cow,True,249,1.0,1.0,0.36609123945236205
0.125,cow,cup,False,249,1.0,1.0,0.39274345338344574
0.125,cow,dog,False,249,1.0,1.0,0.46565126776695254
0.125,cow,horse,False,249,1.0,1.0,0.42834328711032865
0.125,cow,pear,False,249,1.0,1.0,0.37168861627578736
0.125,cow,tomato,False,249,1.0,1.0,0.41385091841220856
0.125,cup,apple,False,243,1.0,1.0,0.4224211901426315
0.125,cup,car,False,243,1.0,1.0,0.46484276950359343
0.125,cup,cow,False,243,1.0,1.0,0.32380942404270174
0.125,cup,cup,True,243,1.0,1.0,0.4739054262638092
0.125,cup,dog,False,243,1.0,1.0,0.4576359897851944
0.125,cup,horse,False,243,1.0,1.0,0.37927269041538236
0.125,cup,pear,False,243,1.0,1.0,0.36118267476558685
0.125,cup,tomato,False,243,1.0,1.0,0.35296930372714996
0.125,dog,apple,False,260,1.0,1.0,0.37427004873752595
0.125,dog,car,False,260,1.0,1.0,0.4718824476003647
0.125,dog,cow,False,260,1.0,1.0,0.34715625941753386
0.125,dog,cup,False,260,1.0,1.0,0.4762706071138382
0.125,dog,dog,True,260,1.0,1.0,0.43530899882316587
0.125,dog,horse,False,260,1.0,1.0,0.40791244208812716
0.125,dog,pear,False,260,1.0,1.0,0.40451820492744445
0.125,dog,tomato,False,260,1.0,1.0,0.4030830055475235
0.125,horse,apple,False,244,1.0,1.0,0.43732060492038727
0.125,horse,car,False,244,1.0,1.0,0.4802885890007019
0.125,horse,cow,False,244,1.0,1.0,0.3046905368566513
0.125,horse,cup,False,244,1.0,1.0,0.4871897310018539
0.125,horse,dog,False,244,1.0,1.0,0.45868282616138456
0.125,horse,horse,True,244,1.0,1.0,0.3956239938735962
0.125,horse,pear,False,244,1.0,1.0,0.38221528828144075
0.125,horse,tomato,False,244,1.0,1.0,0.42039635181427004
0.125,pear,apple,False,243,1.0,1.0,0.37652347087860105
0.125,pear,car,False,243,1.0,1.0,0.4616714507341385
0.125,pear,cow,False,243,1.0,1.0,0.2874612033367157
0.125,pear,cup,False,243,1.0,1.0,0.47656298279762266
0.125,pear,dog,False,243,1.0,1.0,0.4120225578546524
0.125,pear,horse,False,243,1.0,1.0,0.38276137709617614
0.125,pear,pear,True,243,1.0,1.0,0.3863246917724609
0.125,pear,tomato,False,243,1.0,1.0,0.3627084672451019
0.125,tomato,apple,False,241,1.0,1.0,0.38998237550258635
0.125,tomato,car,False,241,1.0,1.0,0.45672916769981386
0.125,tomato,cow,False,241,1.0,1.0,0.3125112622976303
0.125,tomato,cup,False,241,1.0,1.0,0.4811865627765656
0.125,tomato,dog,False,241,1.0,1.0,0.42101178765296937
0.125,tomato,horse,False,241,1.0,1.0,0.3720887005329132
0.125,tomato,pear,False,241,1.0,1.0,0.3821259468793869
0.125,tomato,tomato,True,241,1.0,1.0,0.3771804213523865
0.25,apple,apple,True,346,1.0,1.0,0.4020193636417389
0.25,apple,car,False,346,1.0,1.0,0.46447649598121643
0.25,apple,cow,False,346,1.0,1.0,0.3612294375896454
0.25,apple,cup,False,346,1.0,1.0,0.4930812120437622
0.25,apple,dog,False,346,1.0,1.0,0.4521804988384247
0.25,apple,horse,False,346,1.0,1.0,0.41214941442012787
0.25,apple,pear,False,346,1.0,1.0,0.39034415781497955
0.25,apple,tomato,False,346,1.0,1.0,0.4160306006669998
0.25,car,apple,False,346,1.0,1.0,0.42185948193073275
0.25,car,car,True,346,1.0,1.0,0.4674406319856644
0.25,car,cow,False,346,1.0,1.0,0.3609542280435562
0.25,car,cup,False,346,1.0,1.0,0.5314464151859284
0.25,car,dog,False,346,1.0,1.0,0.4370990425348282
0.25,car,horse,False,346,1.0,1.0,0.4162249952554703
0.25,car,pear,False,346,1.0,1.0,0.38932613134384153
0.25,car,tomato,False,346,1.0,1.0,0.4049547016620636
0.25,cow,apple,False,364,1.0,1.0,0.44673008620738985
0.25,cow,car,False,364,1.0,1.0,0.4732281982898712
0.25,cow,cow,True,364,1.0,1.0,0.36577544510364535
0.25,cow,cup,False,364,1.0,1.0,0.47638804018497466
0.25,cow,dog,False,364,1.0,1.0,0.45120894014835355
0.25,cow,horse,False,364,1.0,1.0,0.4132212519645691
0.25,cow,pear,False,364,1.0,1.0,0.41955416202545165
0.25,cow,tomato,False,364,1.0,1.0,0.3961296588182449
0.25,cup,apple,False,354,1.0,1.0,0.4162542551755905
0.25,cup,car,False,354,1.0,1.0,0.4795512318611145
0.25,cup,cow,False,354,1.0,1.0,0.3799130320549011
0.25,cup,cup,True,354,1.0,1.0,0.45644156634807587
0.25,cup,dog,False,354,1.0,1.0,0.4568813323974609
0.25,cup,horse,False,354,1.0,1.0,0.38547208309173586
0.25,cup,pear,False,354,1.0,1.0,0.4201322764158249
0.25,cup,tomato,False,354,1.0,1.0,0.3696805238723755
0.25,dog,apple,False,390,1.0,1.0,0.4115229308605194
0.25,dog,car,False,390,1.0,1.0,0.46590366661548616
0.25,dog,cow,False,390,1.0,1.0,0.4020384669303894
0.25,dog,cup,False,390,1.0,1.0,0.46637523770332334
0.25,dog,dog,True,390,1.0,1.0,0.44696728587150575
0.25,dog,horse,False,390,1.0,1.0,0.41141766011714936
0.25,dog,pear,False,390,1.0,1.0,0.40941756665706636
0.25,dog,tomato,False,390,1.0,1.0,0.4082101106643677
0.25,horse,apple,False,348,1.0,1.0,0.4420658051967621
0.25,horse,car,False,348,1.0,1.0,0.4719262391328812
0.25,horse,cow,False,348,1.0,1.0,0.3179735064506531
0.25,horse,cup,False,348,1.0,1.0,0.4878500491380692
0.25,horse,dog,False,348,1.0,1.0,0.48392167687416077
0.25,horse,horse,True,348,1.0,1.0,0.41678662598133087
0.25,horse,pear,False,348,1.0,1.0,0.3992962121963501
0.25,horse,tomato,False,348,1.0,1.0,0.4464704066514969
0.25,pear,apple,False,352,1.0,1.0,0.405598920583725
0.25,pear,car,False,352,1.0,1.0,0.4809617459774017
0.25,pear,cow,False,352,1.0,1.0,0.3121785640716553
0.25,pear,cup,False,352,1.0,1.0,0.5072320938110352
0.25,pear,dog,False,352,1.0,1.0,0.4271815448999405
0.25,pear,horse,False,352,1.0,1.0,0.4246895670890808
0.25,pear,pear,True,352,1.0,1.0,0.38885198831558226
0.25,pear,tomato,False,352,1.0,1.0,0.3982167303562164
0.25,tomato,apple,False,360,1.0,1.0,0.44229532182216647
0.25,tomato,car,False,360,1.0,1.0,0.4734999477863312
0.25,tomato,cow,False,360,1.0,1.0,0.3845059186220169
0.25,tomato,cup,False,360,1.0,1.0,0.48829405903816225
0.25,tomato,dog,False,360,1.0,1.0,0.4309925317764282
0.25,tomato,horse,False,360,1.0,1.0,0.3988970547914505
0.25,tomato,pear,False,360,1.0,1.0,0.40019009113311765
0.25,tomato,tomato,True,360,1.0,1.0,0.3879808098077774
0.5,apple,apple,True,571,1.0,1.0,0.4484643578529358
0.5,apple,car,False,571,1.0,1.0,0.5087863087654114
0.5,apple,cow,False,571,1.0,1.0,0.42099911272525786
0.5,apple,cup,False,571,1.0,1.0,0.5127547293901443
0.5,apple,dog,False,571,1.0,1.0,0.44512195587158204
0.5,apple,horse,False,571,1.0,1.0,0.43514912724494936
0.5,apple,pear,False,571,1.0,1.0,0.4206562340259552
0.5,apple,tomato,False,571,1.0,1.0,0.42870837152004243
0.5,car,apple,False,557,1.0,1.0,0.4447433680295944
0.5,car,car,True,557,1.0,1.0,0.48515059649944303
0.5,car,cow,False,557,1.0,1.0,0.3864974737167358
0.5,car,cup,False,557,1.0,1.0,0.48063223958015444
0.5,car,dog,False,557,1.0,1.0,0.44949149489402773
0.5,car,horse,False,557,1.0,1.0,0.4074788480997086
0.5,car,pear,False,557,1.0,1.0,0.41661927103996277
0.5,car,tomato,False,557,1.0,1.0,0.4430527985095978
0.5,cow,apple,False,582,1.0,1.0,0.43371553122997286
0.5,cow,car,False,582,1.0,1.0,0.4850383698940277
0.5,cow,cow,True,582,1.0,1.0,0.40371444523334504
0.5,cow,cup,False,582,1.0,1.0,0.4745625138282776
0.5,cow,dog,False,582,1.0,1.0,0.47105835378170013
0.5,cow,horse,False,582,1.0,1.0,0.42217988669872286
0.5,cow,pear,False,582,1.0,1.0,0.4155579447746277
0.5,cow,tomato,False,582,1.0,1.0,0.4317015290260315
0.5,cup,apple,False,558,1.0,1.0,0.43969531953334806
0.5,cup,car,False,558,1.0,1.0,0.49468123316764834
0.5,cup,cow,False,558,1.0,1.0,0.3727698415517807
0.5,cup,cup,True,558,1.0,1.0,0.48738993704319
0.5,cup,dog,False,558,1.0,1.0,0.4701655596494675
0.5,cup,horse,False,558,1.0,1.0,0.4056659728288651
0.5,cup,pear,False,558,1.0,1.0,0.41273035407066344
0.5,cup,tomato,False,558,1.0,1.0,0.430164235830307
0.5,dog,apple,False,605,1.0,1.0,0.42239012122154235
0.5,dog,car,False,605,1.0,1.0,0.5014373064041138
0.5,dog,cow,False,605,1.0,1.0,0.4094625383615494
0.5,dog,cup,False,605,1.0,1.0,0.519507321715355
0.5,dog,dog,True,605,1.0,1.0,0.4584557503461838
0.5,dog,horse,False,605,1.0,1.0,0.42159242630004884
0.5,dog,pear,False,605,1.0,1.0,0.39991787672042844
0.5,dog,tomato,False,605,1.0,1.0,0.42636483907699585
0.5,horse,apple,False,570,1.0,1.0,0.4668236464262009
0.5,horse,car,False,570,1.0,1.0,0.4794408351182938
0.5,horse,cow,False,570,1.0,1.0,0.39081068634986876
0.5,horse,cup,False,570,1.0,1.0,0.48721409142017363
0.5,horse,dog,False,570,1.0,1.0,0.4565062791109085
0.5,horse,horse,True,570,1.0,1.0,0.40493898987770083
0.5,horse,pear,False,570,1.0,1.0,0.40505326092243193
0.5,horse,tomato,False,570,1.0,1.0,0.43225776255130766
0.5,pear,apple,False,582,1.0,1.0,0.47166583240032195
0.5,pear,car,False,582,1.0,1.0,0.4846499562263489
0.5,pear,cow,False,582,1.0,1.0,0.3735093653202057
0.5,pear,cup,False,582,1.0,1.0,0.5070903062820434
0.5,pear,dog,False,582,1.0,1.0,0.47504885494709015
0.5,pear,horse,False,582,1.0,1.0,0.4255948305130005
0.5,pear,pear,True,582,1.0,1.0,0.41298846900463104
0.5,pear,tomato,False,582,1.0,1.0,0.43025158941745756
0.5,tomato,apple,False,605,1.0,1.0,0.44671539068222044
0.5,tomato,car,False,605,1.0,1.0,0.5027495592832565
0.5,tomato,cow,False,605,1.0,1.0,0.3984554558992386
0.5,tomato,cup,False,605,1.0,1.0,0.5284220069646836
0.5,tomato,dog,False,605,1.0,1.0,0.43018439412117004
0.5,tomato,horse,False,605,1.0,1.0,0.40902023017406464
0.5,tomato,pear,False,605,1.0,1.0,0.40725673735141754
0.5,tomato,tomato,True,605,1.0,1.0,0.428542947769165
1.0,apple,apple,True,1024,1.0,1.0,0.47758175134658815
1.0,apple,car,False,1024,1.0,1.0,0.5011664062738419
1.0,apple,cow,False,1024,1.0,1.0,0.43756442666053774
1.0,apple,cup,False,1024,1.0,1.0,0.5177372843027115
1.0,apple,dog,False,1024,1.0,1.0,0.488117042183876
1.0,apple,horse,False,1024,1.0,1.0,0.4422390878200531
1.0,apple,pear,False,1024,1.0,1.0,0.42820484936237335
1.0,apple,tomato,False,1024,1.0,1.0,0.4327158898115158
1.0,car,apple,False,1024,1.0,1.0,0.47852886021137236
1.0,car,car,True,1024,1.0,1.0,0.489102640748024
1.0,car,cow,False,1024,1.0,1.0,0.4078537613153458
1.0,car,cup,False,1024,1.0,1.0,0.5074425220489502
1.0,car,dog,False,1024,1.0,1.0,0.4972496420145035
1.0,car,horse,False,1024,1.0,1.0,0.43114830553531647
1.0,car,pear,False,1024,1.0,1.0,0.4420904964208603
1.0,car,tomato,False,1024,1.0,1.0,0.44267308712005615
1.0,cow,apple,False,1024,1.0,1.0,0.4934850066900253
1.0,cow,car,False,1024,1.0,1.0,0.5104518324136734
1.0,cow,cow,True,1024,1.0,1.0,0.42703909873962403
1.0,cow,cup,False,1024,1.0,1.0,0.5224453032016754
1.0,cow,dog,False,1024,1.0,1.0,0.4830322861671448
1.0,cow,horse,False,1024,1.0,1.0,0.4309885710477829
1.0,cow,pear,False,1024,1.0,1.0,0.420944082736969
1.0,cow,tomato,False,1024,1.0,1.0,0.459905081987381
1.0,cup,apple,False,1024,1.0,1.0,0.4753712683916092
1.0,cup,car,False,1024,1.0,1.0,0.49574356377124784
1.0,cup,cow,False,1024,1.0,1.0,0.4380374252796173
1.0,cup,cup,True,1024,1.0,1.0,0.495726016163826
1.0,cup,dog,False,1024,1.0,1.0,0.48412948846817017
1.0,cup,horse,False,1024,1.0,1.0,0.4244939565658569
1.0,cup,pear,False,1024,1.0,1.0,0.4215732991695404
1.0,cup,tomato,False,1024,1.0,1.0,0.43629150390625
1.0,dog,apple,False,1024,1.0,1.0,0.4687773883342743
1.0,dog,car,False,1024,1.0,1.0,0.4834926754236221
1.0,dog,cow,False,1024,1.0,1.0,0.42543032467365266
1.0,dog,cup,False,1024,1.0,1.0,0.517187437415123
1.0,dog,dog,True,1024,1.0,1.0,0.4897826164960861
1.0,dog,horse,False,1024,1.0,1.0,0.42978533208370207
1.0,dog,pear,False,1024,1.0,1.0,0.44166204035282136
1.0,dog,tomato,False,1024,1.0,1.0,0.4329505145549774
1.0,horse,apple,False,1024,1.0,1.0,0.4769850969314575
1.0,horse,car,False,1024,1.0,1.0,0.5035418629646301
1.0,horse,cow,False,1024,1.0,1.0,0.416290619969368
1.0,horse,cup,False,1024,1.0,1.0,0.4997486859560013
1.0,horse,dog,False,1024,1.0,1.0,0.4686176270246506
1.0,horse,horse,True,1024,1.0,1.0,0.43827042579650877
1.0,horse,pear,False,1024,1.0,1.0,0.42607236206531524
1.0,horse,tomato,False,1024,1.0,1.0,0.42418603897094725
1.0,pear,apple,False,1024,1.0,1.0,0.47097228467464447
1.0,pear,car,False,1024,1.0,1.0,0.5119371712207794
1.0,pear,cow,False,1024,1.0,1.0,0.45242236852645873
1.0,pear,cup,False,1024,1.0,1.0,0.5094860166311264
1.0,pear,dog,False,1024,1.0,1.0,0.4838290810585022
1.0,pear,horse,False,1024,1.0,1.0,0.4328597068786621
1.0,pear,pear,True,1024,1.0,1.0,0.4162484616041183
1.0,pear,tomato,False,1024,1.0,1.0,0.4371604174375534
1.0,tomato,apple,False,1024,1.0,1.0,0.48277912437915804
1.0,tomato,car,False,1024,1.0,1.0,0.48362269401550295
1.0,tomato,cow,False,1024,1.0,1.0,0.46993687450885774
1.0,tomato,cup,False,1024,1.0,1.0,0.5063718765974045
1.0,tomato,dog,False,1024,1.0,1.0,0.4801142394542694
1.0,tomato,horse,False,1024,1.0,1.0,0.4225682348012924
1.0,tomato,pear,False,1024,1.0,1.0,0.4272262156009674
1.0,tomato,tomato,True,1024,1.0,1.0,0.4169096857309341
