modelo,nivel,semilla,banco,protocolo,acierto,rechazo,error,error_hacia_menos_presenciado,saltos_media,consultas_en_rechazo,n,persp_divergencia_jaccard,persp_conocidos_por_agente,persp_entropia_media
azar,0.0,42,texto_formacion,directo,0.125,0.7,0.175,0.0,0.0,1.0,1920,1.0,1.0,0.0
azar,0.0,42,texto_formacion,encadenado,0.125,0.7,0.175,0.0,0.0,1.0,1920,1.0,1.0,0.0
azar,0.0,42,texto_formacion,agregado,0.125,0.7,0.175,0.0,0.0,1.0,1920,1.0,1.0,0.0
azar,0.0,42,texto_formacion,pizarron,0.9666666666666667,0.0,0.03333333333333333,0.0,0.0,nan,240,1.0,1.0,0.0
azar,0.0,42,texto_reservado,directo,0.12426900584795321,0.7865497076023392,0.0891812865497076,0.0,0.0,1.0,1368,1.0,1.0,0.0
azar,0.0,42,texto_reservado,encadenado,0.12426900584795321,0.7865497076023392,0.0891812865497076,0.0,0.0,1.0,1368,1.0,1.0,0.0
azar,0.0,42,texto_reservado,agregado,0.12426900584795321,0.7865497076023392,0.0891812865497076,0.0,0.0,1.0,1368,1.0,1.0,0.0
azar,0.0,42,texto_reservado,pizarron,0.935672514619883,0.0,0.06432748538011696,0.0,0.0,nan,171,1.0,1.0,0.0
azar,0.0,42,imagen_test,directo,0.10234375,0.89765625,0.0,nan,0.0,1.0,1280,1.0,1.0,0.0
azar,0.0,42,imagen_test,encadenado,0.10234375,0.89765625,0.0,nan,0.0,1.0,1280,1.0,1.0,0.0
azar,0.0,42,imagen_test,agregado,0.10234375,0.89765625,0.0,nan,0.0,1.0,1280,1.0,1.0,0.0
azar,0.0,42,imagen_test,pizarron,0.81875,0.18125,0.0,nan,0.0,1.0,160,1.0,1.0,0.0
azar,0.0,43,texto_formacion,directo,0.125,0.7,0.175,0.0,0.0,1.0,1920,1.0,1.0,0.0
azar,0.0,43,texto_formacion,encadenado,0.125,0.7,0.175,0.0,0.0,1.0,1920,1.0,1.0,0.0
azar,0.0,43,texto_formacion,agregado,0.125,0.7,0.175,0.0,0.0,1.0,1920,1.0,1.0,0.0
azar,0.0,43,texto_formacion,pizarron,0.9666666666666667,0.0,0.03333333333333333,0.0,0.0,nan,240,1.0,1.0,0.0
azar,0.0,43,texto_reservado,directo,0.12426900584795321,0.7865497076023392,0.0891812865497076,0.0,0.0,1.0,1368,1.0,1.0,0.0
azar,0.0,43,texto_reservado,encadenado,0.12426900584795321,0.7865497076023392,0.0891812865497076,0.0,0.0,1.0,1368,1.0,1.0,0.0
azar,0.0,43,texto_reservado,agregado,0.12426900584795321,0.7865497076023392,0.0891812865497076,0.0,0.0,1.0,1368,1.0,1.0,0.0
azar,0.0,43,texto_reservado,pizarron,0.935672514619883,0.0,0.06432748538011696,0.0,0.0,nan,171,1.0,1.0,0.0
azar,0.0,43,imagen_test,directo,0.10234375,0.89765625,0.0,nan,0.0,1.0,1280,1.0,1.0,0.0
azar,0.0,43,imagen_test,encadenado,0.10234375,0.89765625,0.0,nan,0.0,1.0,1280,1.0,1.0,0.0
azar,0.0,43,imagen_test,agregado,0.10234375,0.89765625,0.0,nan,0.0,1.0,1280,1.0,1.0,0.0
azar,0.0,43,imagen_test,pizarron,0.81875,0.18125,0.0,nan,0.0,1.0,160,1.0,1.0,0.0
azar,0.0,44,texto_formacion,directo,0.125,0.7,0.175,0.0,0.0,1.0,1920,1.0,1.0,0.0
azar,0.0,44,texto_formacion,encadenado,0.125,0.7,0.175,0.0,0.0,1.0,1920,1.0,1.0,0.0
azar,0.0,44,texto_formacion,agregado,0.125,0.7,0.175,0.0,0.0,1.0,1920,1.0,1.0,0.0
azar,0.0,44,texto_formacion,pizarron,0.9666666666666667,0.0,0.03333333333333333,0.0,0.0,nan,240,1.0,1.0,0.0
azar,0.0,44,texto_reservado,directo,0.12426900584795321,0.7865497076023392,0.0891812865497076,0.0,0.0,1.0,1368,1.0,1.0,0.0
azar,0.0,44,texto_reservado,encadenado,0.12426900584795321,0.7865497076023392,0.0891812865497076,0.0,0.0,1.0,1368,1.0,1.0,0.0
azar,0.0,44,texto_reservado,agregado,0.12426900584795321,0.7865497076023392,0.0891812865497076,0.0,0.0,1.0,1368,1.0,1.0,0.0
azar,0.0,44,texto_reservado,pizarron,0.935672514619883,0.0,0.06432748538011696,0.0,0.0,nan,171,1.0,1.0,0.0
azar,0.0,44,imagen_test,directo,0.10234375,0.89765625,0.0,nan,0.0,1.0,1280,1.0,1.0,0.0
azar,0.0,44,imagen_test,encadenado,0.10234375,0.89765625,0.0,nan,0.0,1.0,1280,1.0,1.0,0.0
azar,0.0,44,imagen_test,agregado,0.10234375,0.89765625,0.0,nan,0.0,1.0,1280,1.0,1.0,0.0
azar,0.0,44,imagen_test,pizarron,0.81875,0.18125,0.0,nan,0.0,1.0,160,1.0,1.0,0.0
azar,0.015625,42,texto_formacion,directo,0.33489583333333334,0.4557291666666667,0.209375,0.10945273631840796,0.0,1.0,1920,0.8524381770593246,6.25,0.69291899149221
azar,0.015625,42,texto_formacion,encadenado,0.7020833333333333,0.0,0.29791666666666666,0.0,1.2026041666666667,nan,1920,0.8524381770593246,6.25,0.69291899149221
azar,0.015625,42,texto_formacion,agregado,0.8010416666666667,0.03854166666666667,0.16041666666666668,0.0,5.263271939328277,5.918918918918919,1920,0.8524381770593246,6.25,0.69291899149221
azar,0.015625,42,texto_formacion,pizarron,0.9666666666666667,0.0,0.03333333333333333,0.0,0.0,nan,240,0.8524381770593246,6.25,0.69291899149221
azar,0.015625,42,texto_reservado,directo,0.31798245614035087,0.6074561403508771,0.07456140350877193,0.049019607843137254,0.0,1.0,1368,0.8524381770593246,6.25,0.69291899149221
azar,0.015625,42,texto_reservado,encadenado,0.8786549707602339,0.0,0.12134502923976608,0.0,1.664473684210526,nan,1368,0.8524381770593246,6.25,0.69291899149221
azar,0.015625,42,texto_reservado,agregado,0.8896198830409356,0.07529239766081872,0.03508771929824561,0.0,5.284584980237154,5.825242718446602,1368,0.8524381770593246,6.25,0.69291899149221
azar,0.015625,42,texto_reservado,pizarron,0.935672514619883,0.0,0.06432748538011696,0.0,0.0,nan,171,0.8524381770593246,6.25,0.69291899149221
azar,0.015625,42,imagen_test,directo,0.10234375,0.89765625,0.0,nan,0.0,1.0,1280,0.8265203536360334,7.25,0.7085543485392811
azar,0.015625,42,imagen_test,encadenado,0.81875,0.18125,0.0,nan,3.5763358778625953,8.0,1280,0.8265203536360334,7.25,0.7085543485392811
azar,0.015625,42,imagen_test,agregado,0.74296875,0.25703125,0.0,nan,6.275499474237645,7.17629179331307,1280,0.8265203536360334,7.25,0.7085543485392811
azar,0.015625,42,imagen_test,pizarron,0.81875,0.18125,0.0,nan,0.0,1.0,160,0.8265203536360334,7.25,0.7085543485392811
azar,0.015625,43,texto_formacion,directo,0.3609375,0.40989583333333335,0.22916666666666666,0.13636363636363635,0.0,1.0,1920,0.842957874808785,6.875,0.7419123820792363
azar,0.015625,43,texto_formacion,encadenado,0.6692708333333334,0.0,0.3307291666666667,0.0,0.9947916666666667,nan,1920,0.842957874808785,6.875,0.7419123820792363
azar,0.015625,43,texto_formacion,agregado,0.8135416666666667,0.024479166666666666,0.16197916666666667,0.0,5.938601174586226,4.340425531914893,1920,0.842957874808785,6.875,0.7419123820792363
azar,0.015625,43,texto_formacion,pizarron,0.9666666666666667,0.0,0.03333333333333333,0.0,0.0,nan,240,0.842957874808785,6.875,0.7419123820792363
azar,0.015625,43,texto_reservado,directo,0.27850877192982454,0.6038011695906432,0.11769005847953216,0.09937888198757763,0.0,1.0,1368,0.842957874808785,6.875,0.7419123820792363
azar,0.015625,43,texto_reservado,encadenado,0.7317251461988304,0.0,0.2682748538011696,0.0,1.7733918128654973,nan,1368,0.842957874808785,6.875,0.7419123820792363
azar,0.015625,43,texto_reservado,agregado,0.8508771929824561,0.05847953216374269,0.09064327485380116,0.0,6.020962732919255,4.525,1368,0.842957874808785,6.875,0.7419123820792363
azar,0.015625,43,texto_reservado,pizarron,0.935672514619883,0.0,0.06432748538011696,0.0,0.0,nan,171,0.842957874808785,6.875,0.7419123820792363
azar,0.015625,43,imagen_test,directo,0.10234375,0.89765625,0.0,nan,0.0,1.0,1280,0.8017793836459466,7.25,0.7893825386269133
azar,0.015625,43,imagen_test,encadenado,0.81875,0.18125,0.0,nan,3.554389312977099,8.0,1280,0.8017793836459466,7.25,0.7893825386269133
azar,0.015625,43,imagen_test,agregado,0.7390625,0.2609375,0.0,nan,6.38477801268499,6.868263473053892,1280,0.8017793836459466,7.25,0.7893825386269133
azar,0.015625,43,imagen_test,pizarron,0.81875,0.18125,0.0,nan,0.0,1.0,160,0.8017793836459466,7.25,0.7893825386269133
azar,0.015625,44,texto_formacion,directo,0.31145833333333334,0.4322916666666667,0.25625,0.1443089430894309,0.0,1.0,1920,0.8751902435263277,6.375,0.6286817023048092
azar,0.015625,44,texto_formacion,encadenado,0.6364583333333333,0.0,0.36354166666666665,0.0,1.1192708333333332,nan,1920,0.8751902435263277,6.375,0.6286817023048092
azar,0.015625,44,texto_formacion,agregado,0.8041666666666667,0.04895833333333333,0.146875,0.0,5.428806133625411,5.329787234042553,1920,0.8751902435263277,6.375,0.6286817023048092
azar,0.015625,44,texto_formacion,pizarron,0.9666666666666667,0.0,0.03333333333333333,0.0,0.0,nan,240,0.8751902435263277,6.375,0.6286817023048092
azar,0.015625,44,texto_reservado,directo,0.22660818713450293,0.6615497076023392,0.1118421052631579,0.10457516339869281,0.0,1.0,1368,0.8751902435263277,6.375,0.6286817023048092
azar,0.015625,44,texto_reservado,encadenado,0.7675438596491229,0.0,0.2324561403508772,0.0,2.1703216374269005,nan,1368,0.8751902435263277,6.375,0.6286817023048092
azar,0.015625,44,texto_reservado,agregado,0.8084795321637427,0.08991228070175439,0.10160818713450293,0.0,5.437751004016064,5.739837398373984,1368,0.8751902435263277,6.375,0.6286817023048092
azar,0.015625,44,texto_reservado,pizarron,0.935672514619883,0.0,0.06432748538011696,0.0,0.0,nan,171,0.8751902435263277,6.375,0.6286817023048092
azar,0.015625,44,imagen_test,directo,0.10234375,0.89765625,0.0,nan,0.0,1.0,1280,0.8455955303566978,7.125,0.6486238143195993
azar,0.015625,44,imagen_test,encadenado,0.81875,0.18125,0.0,nan,3.5353053435114505,8.0,1280,0.8455955303566978,7.125,0.6486238143195993
azar,0.015625,44,imagen_test,agregado,0.73125,0.26875,0.0,nan,6.208333333333333,6.898255813953488,1280,0.8455955303566978,7.125,0.6486238143195993
azar,0.015625,44,imagen_test,pizarron,0.81875,0.18125,0.0,nan,0.0,1.0,160,0.8455955303566978,7.125,0.6486238143195993
azar,0.03125,42,texto_formacion,directo,0.4625,0.3072916666666667,0.23020833333333332,0.2692307692307692,0.0,1.0,1920,0.7436947075003715,7.625,1.1511225529222762
azar,0.03125,42,texto_formacion,encadenado,0.7338541666666667,0.0,0.26614583333333336,0.0,0.8031250000000001,nan,1920,0.7436947075003715,7.625,1.1511225529222762
azar,0.03125,42,texto_formacion,agregado,0.8713541666666667,0.0010416666666666667,0.12760416666666666,0.0,6.625651720542232,7.0,1920,0.7436947075003715,7.625,1.1511225529222762
azar,0.03125,42,texto_formacion,pizarron,0.9666666666666667,0.0,0.03333333333333333,0.0,0.0,nan,240,0.7436947075003715,7.625,1.1511225529222762
azar,0.03125,42,texto_reservado,directo,0.3669590643274854,0.5431286549707602,0.08991228070175439,0.16260162601626016,0.0,1.0,1368,0.7436947075003715,7.625,1.1511225529222762
azar,0.03125,42,texto_reservado,encadenado,0.8647660818713451,0.0,0.13523391812865498,0.0,1.6483918128654973,nan,1368,0.7436947075003715,7.625,1.1511225529222762
azar,0.03125,42,texto_reservado,agregado,0.9327485380116959,0.0,0.06725146198830409,0.0,6.625,nan,1368,0.7436947075003715,7.625,1.1511225529222762
azar,0.03125,42,texto_reservado,pizarron,0.935672514619883,0.0,0.06432748538011696,0.0,0.0,nan,171,0.7436947075003715,7.625,1.1511225529222762
azar,0.03125,42,imagen_test,directo,0.10234375,0.89765625,0.0,nan,0.0,1.0,1280,0.7137841318768631,7.625,1.1347341984882413
azar,0.03125,42,imagen_test,encadenado,0.81875,0.18125,0.0,nan,3.5562977099236646,8.0,1280,0.7137841318768631,7.625,1.1347341984882413
azar,0.03125,42,imagen_test,agregado,0.7828125,0.2171875,0.0,nan,6.653692614770459,7.5215827338129495,1280,0.7137841318768631,7.625,1.1347341984882413
azar,0.03125,42,imagen_test,pizarron,0.81875,0.18125,0.0,nan,0.0,1.0,160,0.7137841318768631,7.625,1.1347341984882413
azar,0.03125,43,texto_formacion,directo,0.490625,0.2682291666666667,0.24114583333333334,0.28509719222462204,0.0,1.0,1920,0.7286779318078537,7.875,1.1994560261373648
azar,0.03125,43,texto_formacion,encadenado,0.7140625,0.0,0.2859375,0.0,0.5239583333333333,nan,1920,0.7286779318078537,7.875,1.1994560261373648
azar,0.03125,43,texto_formacion,agregado,0.896875,0.0,0.103125,0.0,6.875,nan,1920,0.7286779318078537,7.875,1.1994560261373648
azar,0.03125,43,texto_formacion,pizarron,0.9666666666666667,0.0,0.03333333333333333,0.0,0.0,nan,240,0.7286779318078537,7.875,1.1994560261373648
azar,0.03125,43,texto_reservado,directo,0.36622807017543857,0.5095029239766082,0.12426900584795321,0.1588235294117647,0.0,1.0,1368,0.7286779318078537,7.875,1.1994560261373648
azar,0.03125,43,texto_reservado,encadenado,0.7726608187134503,0.0,0.2273391812865497,0.0,1.2280701754385963,nan,1368,0.7286779318078537,7.875,1.1994560261373648
azar,0.03125,43,texto_reservado,agregado,0.9137426900584795,0.0,0.08625730994152046,0.0,6.875,nan,1368,0.7286779318078537,7.875,1.1994560261373648
azar,0.03125,43,texto_reservado,pizarron,0.935672514619883,0.0,0.06432748538011696,0.0,0.0,nan,171,0.7286779318078537,7.875,1.1994560261373648
azar,0.03125,43,imagen_test,directo,0.10234375,0.89765625,0.0,nan,0.0,1.0,1280,0.6835381626929837,7.75,1.1929414243166567
azar,0.03125,43,imagen_test,encadenado,0.81875,0.18125,0.0,nan,3.481870229007634,8.0,1280,0.6835381626929837,7.75,1.1929414243166567
azar,0.03125,43,imagen_test,agregado,0.7921875,0.2078125,0.0,nan,6.775147928994083,7.654135338345864,1280,0.6835381626929837,7.75,1.1929414243166567
azar,0.03125,43,imagen_test,pizarron,0.81875,0.18125,0.0,nan,0.0,1.0,160,0.6835381626929837,7.75,1.1929414243166567
azar,0.03125,44,texto_formacion,directo,0.37083333333333335,0.375,0.25416666666666665,0.2151639344262295,0.0,1.0,1920,0.8012663128932308,7.0,0.9410046537107395
azar,0.03125,44,texto_formacion,encadenado,0.6901041666666666,0.0,0.3098958333333333,0.0,1.1453125000000002,nan,1920,0.8012663128932308,7.0,0.9410046537107395
azar,0.03125,44,texto_formacion,agregado,0.828125,0.03333333333333333,0.13854166666666667,0.0,6.038254310344827,5.890625,1920,0.8012663128932308,7.0,0.9410046537107395
azar,0.03125,44,texto_formacion,pizarron,0.9666666666666667,0.0,0.03333333333333333,0.0,0.0,nan,240,0.8012663128932308,7.0,0.9410046537107395
azar,0.03125,44,texto_reservado,directo,0.2894736842105263,0.5899122807017544,0.1206140350877193,0.22424242424242424,0.0,1.0,1368,0.8012663128932308,7.0,0.9410046537107395
azar,0.03125,44,texto_reservado,encadenado,0.7923976608187134,0.0,0.20760233918128654,0.0,1.8289473684210527,nan,1368,0.8012663128932308,7.0,0.9410046537107395
azar,0.03125,44,texto_reservado,agregado,0.8845029239766082,0.06067251461988304,0.05482456140350877,0.0,6.057587548638132,6.108433734939759,1368,0.8012663128932308,7.0,0.9410046537107395
azar,0.03125,44,texto_reservado,pizarron,0.935672514619883,0.0,0.06432748538011696,0.0,0.0,nan,171,0.8012663128932308,7.0,0.9410046537107395
azar,0.03125,44,imagen_test,directo,0.10234375,0.89765625,0.0,nan,0.0,1.0,1280,0.7030155182950585,8.0,1.175880574945928
azar,0.03125,44,imagen_test,encadenado,0.81875,0.18125,0.0,nan,3.4933206106870225,8.0,1280,0.7030155182950585,8.0,1.175880574945928
azar,0.03125,44,imagen_test,agregado,0.81875,0.18125,0.0,nan,7.0,8.0,1280,0.7030155182950585,8.0,1.175880574945928
azar,0.03125,44,imagen_test,pizarron,0.81875,0.18125,0.0,nan,0.0,1.0,160,0.7030155182950585,8.0,1.175880574945928
azar,0.0625,42,texto_formacion,directo,0.6,0.2015625,0.1984375,0.17060367454068243,0.0,1.0,1920,0.5868358248816141,8.0,1.7354496179335352
azar,0.0625,42,texto_formacion,encadenado,0.7817708333333333,0.0,0.21822916666666667,0.0,0.4078124999999999,nan,1920,0.5868358248816141,8.0,1.7354496179335352
azar,0.0625,42,texto_formacion,agregado,0.9,0.0,0.1,0.0,7.0,nan,1920,0.5868358248816141,8.0,1.7354496179335352
azar,0.0625,42,texto_formacion,pizarron,0.9666666666666667,0.0,0.03333333333333333,0.0,0.0,nan,240,0.5868358248816141,8.0,1.7354496179335352
azar,0.0625,42,texto_reservado,directo,0.45760233918128657,0.42616959064327486,0.1162280701754386,0.1509433962264151,0.0,1.0,1368,0.5868358248816141,8.0,1.7354496179335352
azar,0.0625,42,texto_reservado,encadenado,0.8377192982456141,0.0,0.16228070175438597,0.0,0.8757309941520468,nan,1368,0.5868358248816141,8.0,1.7354496179335352
azar,0.0625,42,texto_reservado,agregado,0.9473684210526315,0.0,0.05263157894736842,0.0,7.0,nan,1368,0.5868358248816141,8.0,1.7354496179335352
azar,0.0625,42,texto_reservado,pizarron,0.935672514619883,0.0,0.06432748538011696,0.0,0.0,nan,171,0.5868358248816141,8.0,1.7354496179335352
azar,0.0625,42,imagen_test,directo,0.103125,0.896875,0.0,nan,0.0,1.0,1280,0.5288599376056627,8.0,1.7130546784027336
azar,0.0625,42,imagen_test,encadenado,0.81875,0.18125,0.0,nan,3.5276717557251906,8.0,1280,0.5288599376056627,8.0,1.7130546784027336
azar,0.0625,42,imagen_test,agregado,0.81875,0.18125,0.0,nan,7.0,8.0,1280,0.5288599376056627,8.0,1.7130546784027336
azar,0.0625,42,imagen_test,pizarron,0.81875,0.18125,0.0,nan,0.0,1.0,160,0.5288599376056627,8.0,1.7130546784027336
azar,0.0625,43,texto_formacion,directo,0.6166666666666667,0.1765625,0.20677083333333332,0.25692695214105793,0.0,1.0,1920,0.586343973563667,8.0,1.6814800720522043
azar,0.0625,43,texto_formacion,encadenado,0.7776041666666667,0.0,0.22239583333333332,0.0,0.3203125,nan,1920,0.586343973563667,8.0,1.6814800720522043
azar,0.0625,43,texto_formacion,agregado,0.9125,0.0,0.0875,0.0,7.0,nan,1920,0.586343973563667,8.0,1.6814800720522043
azar,0.0625,43,texto_formacion,pizarron,0.9666666666666667,0.0,0.03333333333333333,0.0,0.0,nan,240,0.586343973563667,8.0,1.6814800720522043
azar,0.0625,43,texto_reservado,directo,0.4656432748538012,0.40350877192982454,0.13084795321637427,0.2737430167597765,0.0,1.0,1368,0.586343973563667,8.0,1.6814800720522043
azar,0.0625,43,texto_reservado,encadenado,0.8201754385964912,0.0,0.17982456140350878,0.0,0.922514619883041,nan,1368,0.586343973563667,8.0,1.6814800720522043
azar,0.0625,43,texto_reservado,agregado,0.9122807017543859,0.0,0.08771929824561403,0.0,7.0,nan,1368,0.586343973563667,8.0,1.6814800720522043
azar,0.0625,43,texto_reservado,pizarron,0.935672514619883,0.0,0.06432748538011696,0.0,0.0,nan,171,0.586343973563667,8.0,1.6814800720522043
azar,0.0625,43,imagen_test,directo,0.10546875,0.89453125,0.0,nan,0.0,1.0,1280,0.5275459898758792,8.0,1.7004436231030242
azar,0.0625,43,imagen_test,encadenado,0.81875,0.18125,0.0,nan,3.551526717557252,8.0,1280,0.5275459898758792,8.0,1.7004436231030242
azar,0.0625,43,imagen_test,agregado,0.81875,0.18125,0.0,nan,7.0,8.0,1280,0.5275459898758792,8.0,1.7004436231030242
azar,0.0625,43,imagen_test,pizarron,0.81875,0.18125,0.0,nan,0.0,1.0,160,0.5275459898758792,8.0,1.7004436231030242
azar,0.0625,44,texto_formacion,directo,0.54375,0.2484375,0.2078125,0.2581453634085213,0.0,1.0,1920,0.6365342331982575,7.875,1.5689178399389592
azar,0.0625,44,texto_formacion,encadenado,0.7578125,0.0,0.2421875,0.0,0.5916666666666666,nan,1920,0.6365342331982575,7.875,1.5689178399389592
azar,0.0625,44,texto_formacion,agregado,0.9270833333333334,0.0,0.07291666666666667,0.0,6.875,nan,1920,0.6365342331982575,7.875,1.5689178399389592
azar,0.0625,44,texto_formacion,pizarron,0.9666666666666667,0.0,0.03333333333333333,0.0,0.0,nan,240,0.6365342331982575,7.875,1.5689178399389592
azar,0.0625,44,texto_reservado,directo,0.37792397660818716,0.48099415204678364,0.14108187134502925,0.31088082901554404,0.0,1.0,1368,0.6365342331982575,7.875,1.5689178399389592
azar,0.0625,44,texto_reservado,encadenado,0.7690058479532164,0.0,0.2309941520467836,0.0,1.513157894736842,nan,1368,0.6365342331982575,7.875,1.5689178399389592
azar,0.0625,44,texto_reservado,agregado,0.8969298245614035,0.0,0.10307017543859649,0.0,6.875,nan,1368,0.6365342331982575,7.875,1.5689178399389592
azar,0.0625,44,texto_reservado,pizarron,0.935672514619883,0.0,0.06432748538011696,0.0,0.0,nan,171,0.6365342331982575,7.875,1.5689178399389592
azar,0.0625,44,imagen_test,directo,0.10390625,0.89609375,0.0,nan,0.0,1.0,1280,0.5230013110463884,8.0,1.7474054477084415
azar,0.0625,44,imagen_test,encadenado,0.81875,0.18125,0.0,nan,3.5019083969465647,8.0,1280,0.5230013110463884,8.0,1.7474054477084415
azar,0.0625,44,imagen_test,agregado,0.81875,0.18125,0.0,nan,7.0,8.0,1280,0.5230013110463884,8.0,1.7474054477084415
azar,0.0625,44,imagen_test,pizarron,0.81875,0.18125,0.0,nan,0.0,1.0,160,0.5230013110463884,8.0,1.7474054477084415
azar,0.125,42,texto_formacion,directo,0.7791666666666667,0.07916666666666666,0.14166666666666666,0.2426470588235294,0.0,1.0,1920,0.39191737647076097,8.0,2.316892501525849
azar,0.125,42,texto_formacion,encadenado,0.8526041666666667,0.0,0.14739583333333334,0.0,0.1015625,nan,1920,0.39191737647076097,8.0,2.316892501525849
azar,0.125,42,texto_formacion,agregado,0.9333333333333333,0.0,0.06666666666666667,0.0,7.0,nan,1920,0.39191737647076097,8.0,2.316892501525849
azar,0.125,42,texto_formacion,pizarron,0.9666666666666667,0.0,0.03333333333333333,0.0,0.0,nan,240,0.39191737647076097,8.0,2.316892501525849
azar,0.125,42,texto_reservado,directo,0.6703216374269005,0.2185672514619883,0.1111111111111111,0.42105263157894735,0.0,1.0,1368,0.39191737647076097,8.0,2.316892501525849
azar,0.125,42,texto_reservado,encadenado,0.8472222222222222,0.0,0.1527777777777778,0.0,0.3157894736842106,nan,1368,0.39191737647076097,8.0,2.316892501525849
azar,0.125,42,texto_reservado,agregado,0.9181286549707602,0.0,0.08187134502923976,0.0,7.0,nan,1368,0.39191737647076097,8.0,2.316892501525849
azar,0.125,42,texto_reservado,pizarron,0.935672514619883,0.0,0.06432748538011696,0.0,0.0,nan,171,0.39191737647076097,8.0,2.316892501525849
azar,0.125,42,imagen_test,directo,0.12109375,0.87890625,0.0,nan,0.0,1.0,1280,0.336124844096286,8.0,2.286305715096563
azar,0.125,42,imagen_test,encadenado,0.81875,0.18125,0.0,nan,3.3349236641221376,8.0,1280,0.336124844096286,8.0,2.286305715096563
azar,0.125,42,imagen_test,agregado,0.81875,0.18125,0.0,nan,7.0,8.0,1280,0.336124844096286,8.0,2.286305715096563
azar,0.125,42,imagen_test,pizarron,0.81875,0.18125,0.0,nan,0.0,1.0,160,0.336124844096286,8.0,2.286305715096563
azar,0.125,43,texto_formacion,directo,0.7708333333333334,0.08333333333333333,0.14583333333333334,0.2357142857142857,0.0,1.0,1920,0.3968459471672852,8.0,2.266879444145729
azar,0.125,43,texto_formacion,encadenado,0.8473958333333333,0.0,0.15260416666666668,0.0,0.11458333333333326,nan,1920,0.3968459471672852,8.0,2.266879444145729
azar,0.125,43,texto_formacion,agregado,0.95,0.0,0.05,0.0,7.0,nan,1920,0.3968459471672852,8.0,2.266879444145729
azar,0.125,43,texto_formacion,pizarron,0.9666666666666667,0.0,0.03333333333333333,0.0,0.0,nan,240,0.3968459471672852,8.0,2.266879444145729
azar,0.125,43,texto_reservado,directo,0.6396198830409356,0.22295321637426901,0.13742690058479531,0.2765957446808511,0.0,1.0,1368,0.3968459471672852,8.0,2.266879444145729
azar,0.125,43,texto_reservado,encadenado,0.8399122807017544,0.0,0.1600877192982456,0.0,0.3676900584795322,nan,1368,0.3968459471672852,8.0,2.266879444145729
azar,0.125,43,texto_reservado,agregado,0.9122807017543859,0.0,0.08771929824561403,0.0,7.0,nan,1368,0.3968459471672852,8.0,2.266879444145729
azar,0.125,43,texto_reservado,pizarron,0.935672514619883,0.0,0.06432748538011696,0.0,0.0,nan,171,0.3968459471672852,8.0,2.266879444145729
azar,0.125,43,imagen_test,directo,0.1359375,0.8640625,0.0,nan,0.0,1.0,1280,0.34022029094534256,8.0,2.268441214237221
azar,0.125,43,imagen_test,encadenado,0.81875,0.18125,0.0,nan,3.2280534351145036,8.0,1280,0.34022029094534256,8.0,2.268441214237221
azar,0.125,43,imagen_test,agregado,0.81875,0.18125,0.0,nan,7.0,8.0,1280,0.34022029094534256,8.0,2.268441214237221
azar,0.125,43,imagen_test,pizarron,0.81875,0.18125,0.0,nan,0.0,1.0,160,0.34022029094534256,8.0,2.268441214237221
azar,0.125,44,texto_formacion,directo,0.73125,0.0890625,0.1796875,0.26956521739130435,0.0,1.0,1920,0.4208421459794378,8.0,2.240801311078532
azar,0.125,44,texto_formacion,encadenado,0.815625,0.0,0.184375,0.0,0.1328125,nan,1920,0.4208421459794378,8.0,2.240801311078532
azar,0.125,44,texto_formacion,agregado,0.9208333333333333,0.0,0.07916666666666666,0.0,7.0,nan,1920,0.4208421459794378,8.0,2.240801311078532
azar,0.125,44,texto_formacion,pizarron,0.9666666666666667,0.0,0.03333333333333333,0.0,0.0,nan,240,0.4208421459794378,8.0,2.240801311078532
azar,0.125,44,texto_reservado,directo,0.6293859649122807,0.2324561403508772,0.13815789473684212,0.25396825396825395,0.0,1.0,1368,0.4208421459794378,8.0,2.240801311078532
azar,0.125,44,texto_reservado,encadenado,0.8486842105263158,0.0,0.1513157894736842,0.0,0.4692982456140351,nan,1368,0.4208421459794378,8.0,2.240801311078532
azar,0.125,44,texto_reservado,agregado,0.9298245614035088,0.0,0.07017543859649122,0.0,7.0,nan,1368,0.4208421459794378,8.0,2.240801311078532
azar,0.125,44,texto_reservado,pizarron,0.935672514619883,0.0,0.06432748538011696,0.0,0.0,nan,171,0.4208421459794378,8.0,2.240801311078532
azar,0.125,44,imagen_test,directo,0.12890625,0.87109375,0.0,nan,0.0,1.0,1280,0.34025320098420087,8.0,2.274428475547776
azar,0.125,44,imagen_test,encadenado,0.81875,0.18125,0.0,nan,3.301526717557252,8.0,1280,0.34025320098420087,8.0,2.274428475547776
azar,0.125,44,imagen_test,agregado,0.81875,0.18125,0.0,nan,7.0,8.0,1280,0.34025320098420087,8.0,2.274428475547776
azar,0.125,44,imagen_test,pizarron,0.81875,0.18125,0.0,nan,0.0,1.0,160,0.34025320098420087,8.0,2.274428475547776
azar,0.25,42,texto_formacion,directo,0.878125,0.025,0.096875,0.1774193548387097,0.0,1.0,1920,0.2433918903856873,8.0,2.721866007597894
azar,0.25,42,texto_formacion,encadenado,0.9026041666666667,0.0,0.09739583333333333,0.0,0.04479166666666656,nan,1920,0.2433918903856873,8.0,2.721866007597894
azar,0.25,42,texto_formacion,agregado,0.9458333333333333,0.0,0.05416666666666667,0.0,7.0,nan,1920,0.2433918903856873,8.0,2.721866007597894
azar,0.25,42,texto_formacion,pizarron,0.9666666666666667,0.0,0.03333333333333333,0.0,0.0,nan,240,0.2433918903856873,8.0,2.721866007597894
azar,0.25,42,texto_reservado,directo,0.8187134502923976,0.07529239766081872,0.10599415204678363,0.2206896551724138,0.0,1.0,1368,0.2433918903856873,8.0,2.721866007597894
azar,0.25,42,texto_reservado,encadenado,0.8910818713450293,0.0,0.10891812865497076,0.0,0.08333333333333326,nan,1368,0.2433918903856873,8.0,2.721866007597894
azar,0.25,42,texto_reservado,agregado,0.935672514619883,0.0,0.06432748538011696,0.0,7.0,nan,1368,0.2433918903856873,8.0,2.721866007597894
azar,0.25,42,texto_reservado,pizarron,0.935672514619883,0.0,0.06432748538011696,0.0,0.0,nan,171,0.2433918903856873,8.0,2.721866007597894
azar,0.25,42,imagen_test,directo,0.31796875,0.68203125,0.0,nan,0.0,1.0,1280,0.18864588561610432,8.0,2.7256595065154414
azar,0.25,42,imagen_test,encadenado,0.81875,0.18125,0.0,nan,1.95706106870229,8.0,1280,0.18864588561610432,8.0,2.7256595065154414
azar,0.25,42,imagen_test,agregado,0.81875,0.18125,0.0,nan,7.0,8.0,1280,0.18864588561610432,8.0,2.7256595065154414
azar,0.25,42,imagen_test,pizarron,0.81875,0.18125,0.0,nan,0.0,1.0,160,0.18864588561610432,8.0,2.7256595065154414
azar,0.25,43,texto_formacion,directo,0.8708333333333333,0.028645833333333332,0.10052083333333334,0.32642487046632124,0.0,1.0,1920,0.24821506240043575,8.0,2.695050869412512
azar,0.25,43,texto_formacion,encadenado,0.8979166666666667,0.0,0.10208333333333333,0.0,0.04062499999999991,nan,1920,0.24821506240043575,8.0,2.695050869412512
azar,0.25,43,texto_formacion,agregado,0.9458333333333333,0.0,0.05416666666666667,0.0,7.0,nan,1920,0.24821506240043575,8.0,2.695050869412512
azar,0.25,43,texto_formacion,pizarron,0.9666666666666667,0.0,0.03333333333333333,0.0,0.0,nan,240,0.24821506240043575,8.0,2.695050869412512
azar,0.25,43,texto_reservado,directo,0.8201754385964912,0.0804093567251462,0.09941520467836257,0.22794117647058823,0.0,1.0,1368,0.24821506240043575,8.0,2.695050869412512
azar,0.25,43,texto_reservado,encadenado,0.8918128654970761,0.0,0.10818713450292397,0.0,0.10745614035087714,nan,1368,0.24821506240043575,8.0,2.695050869412512
azar,0.25,43,texto_reservado,agregado,0.9590643274853801,0.0,0.04093567251461988,0.0,7.0,nan,1368,0.24821506240043575,8.0,2.695050869412512
azar,0.25,43,texto_reservado,pizarron,0.935672514619883,0.0,0.06432748538011696,0.0,0.0,nan,171,0.24821506240043575,8.0,2.695050869412512
azar,0.25,43,imagen_test,directo,0.31796875,0.68203125,0.0,nan,0.0,1.0,1280,0.19890023720392294,8.0,2.7061562176484326
azar,0.25,43,imagen_test,encadenado,0.81875,0.18125,0.0,nan,1.885496183206107,8.0,1280,0.19890023720392294,8.0,2.7061562176484326
azar,0.25,43,imagen_test,agregado,0.81875,0.18125,0.0,nan,7.0,8.0,1280,0.19890023720392294,8.0,2.7061562176484326
azar,0.25,43,imagen_test,pizarron,0.81875,0.18125,0.0,nan,0.0,1.0,160,0.19890023720392294,8.0,2.7061562176484326
azar,0.25,44,texto_formacion,directo,0.8671875,0.025,0.1078125,0.28019323671497587,0.0,1.0,1920,0.24009681212074407,8.0,2.7032918016806695
azar,0.25,44,texto_formacion,encadenado,0.890625,0.0,0.109375,0.0,0.02968750000000009,nan,1920,0.24009681212074407,8.0,2.7032918016806695
azar,0.25,44,texto_formacion,agregado,0.9416666666666667,0.0,0.058333333333333334,0.0,7.0,nan,1920,0.24009681212074407,8.0,2.7032918016806695
azar,0.25,44,texto_formacion,pizarron,0.9666666666666667,0.0,0.03333333333333333,0.0,0.0,nan,240,0.24009681212074407,8.0,2.7032918016806695
azar,0.25,44,texto_reservado,directo,0.8267543859649122,0.07529239766081872,0.097953216374269,0.291044776119403,0.0,1.0,1368,0.24009681212074407,8.0,2.7032918016806695
azar,0.25,44,texto_reservado,encadenado,0.8976608187134503,0.0,0.1023391812865497,0.0,0.11038011695906436,nan,1368,0.24009681212074407,8.0,2.7032918016806695
azar,0.25,44,texto_reservado,agregado,0.935672514619883,0.0,0.06432748538011696,0.0,7.0,nan,1368,0.24009681212074407,8.0,2.7032918016806695
azar,0.25,44,texto_reservado,pizarron,0.935672514619883,0.0,0.06432748538011696,0.0,0.0,nan,171,0.24009681212074407,8.0,2.7032918016806695
azar,0.25,44,imagen_test,directo,0.33515625,0.66484375,0.0,nan,0.0,1.0,1280,0.19193750198014595,8.0,2.7160256444726354
azar,0.25,44,imagen_test,encadenado,0.81875,0.18125,0.0,nan,1.7776717557251906,8.0,1280,0.19193750198014595,8.0,2.7160256444726354
azar,0.25,44,imagen_test,agregado,0.81875,0.18125,0.0,nan,7.0,8.0,1280,0.19193750198014595,8.0,2.7160256444726354
azar,0.25,44,imagen_test,pizarron,0.81875,0.18125,0.0,nan,0.0,1.0,160,0.19193750198014595,8.0,2.7160256444726354
azar,0.5,42,texto_formacion,directo,0.9380208333333333,0.0026041666666666665,0.059375,0.21929824561403508,0.0,1.0,1920,0.11835675383959988,8.0,2.9326068974806043
azar,0.5,42,texto_formacion,encadenado,0.940625,0.0,0.059375,0.0,0.0026041666666667407,nan,1920,0.11835675383959988,8.0,2.9326068974806043
azar,0.5,42,texto_formacion,agregado,0.9625,0.0,0.0375,0.0,7.0,nan,1920,0.11835675383959988,8.0,2.9326068974806043
azar,0.5,42,texto_formacion,pizarron,0.9666666666666667,0.0,0.03333333333333333,0.0,0.0,nan,240,0.11835675383959988,8.0,2.9326068974806043
azar,0.5,42,texto_reservado,directo,0.9254385964912281,0.008771929824561403,0.06578947368421052,0.26666666666666666,0.0,1.0,1368,0.11835675383959988,8.0,2.9326068974806043
azar,0.5,42,texto_reservado,encadenado,0.9334795321637427,0.0,0.06652046783625731,0.0,0.00877192982456143,nan,1368,0.11835675383959988,8.0,2.9326068974806043
azar,0.5,42,texto_reservado,agregado,0.9473684210526315,0.0,0.05263157894736842,0.0,7.0,nan,1368,0.11835675383959988,8.0,2.9326068974806043
azar,0.5,42,texto_reservado,pizarron,0.935672514619883,0.0,0.06432748538011696,0.0,0.0,nan,171,0.11835675383959988,8.0,2.9326068974806043
azar,0.5,42,imagen_test,directo,0.6234375,0.3765625,0.0,nan,0.0,1.0,1280,0.09320125869849519,8.0,2.9462527632019095
azar,0.5,42,imagen_test,encadenado,0.81875,0.18125,0.0,nan,0.4847328244274809,8.0,1280,0.09320125869849519,8.0,2.9462527632019095
azar,0.5,42,imagen_test,agregado,0.81875,0.18125,0.0,nan,7.0,8.0,1280,0.09320125869849519,8.0,2.9462527632019095
azar,0.5,42,imagen_test,pizarron,0.81875,0.18125,0.0,nan,0.0,1.0,160,0.09320125869849519,8.0,2.9462527632019095
azar,0.5,43,texto_formacion,directo,0.9338541666666667,0.005208333333333333,0.0609375,0.23076923076923078,0.0,1.0,1920,0.12854998807769716,8.0,2.9271420182824928
azar,0.5,43,texto_formacion,encadenado,0.9385416666666667,0.0,0.06145833333333333,0.0,0.008333333333333304,nan,1920,0.12854998807769716,8.0,2.9271420182824928
azar,0.5,43,texto_formacion,agregado,0.9625,0.0,0.0375,0.0,7.0,nan,1920,0.12854998807769716,8.0,2.9271420182824928
azar,0.5,43,texto_formacion,pizarron,0.9666666666666667,0.0,0.03333333333333333,0.0,0.0,nan,240,0.12854998807769716,8.0,2.9271420182824928
azar,0.5,43,texto_reservado,directo,0.9166666666666666,0.011695906432748537,0.07163742690058479,0.24489795918367346,0.0,1.0,1368,0.12854998807769716,8.0,2.9271420182824928
azar,0.5,43,texto_reservado,encadenado,0.9269005847953217,0.0,0.07309941520467836,0.0,0.019736842105263053,nan,1368,0.12854998807769716,8.0,2.9271420182824928
azar,0.5,43,texto_reservado,agregado,0.935672514619883,0.0,0.06432748538011696,0.0,7.0,nan,1368,0.12854998807769716,8.0,2.9271420182824928
azar,0.5,43,texto_reservado,pizarron,0.935672514619883,0.0,0.06432748538011696,0.0,0.0,nan,171,0.12854998807769716,8.0,2.9271420182824928
azar,0.5,43,imagen_test,directo,0.61640625,0.38359375,0.0,nan,0.0,1.0,1280,0.10007114776919801,8.0,2.941096572460985
azar,0.5,43,imagen_test,encadenado,0.81875,0.18125,0.0,nan,0.5477099236641221,8.0,1280,0.10007114776919801,8.0,2.941096572460985
azar,0.5,43,imagen_test,agregado,0.81875,0.18125,0.0,nan,7.0,8.0,1280,0.10007114776919801,8.0,2.941096572460985
azar,0.5,43,imagen_test,pizarron,0.81875,0.18125,0.0,nan,0.0,1.0,160,0.10007114776919801,8.0,2.941096572460985
azar,0.5,44,texto_formacion,directo,0.9359375,0.0026041666666666665,0.06145833333333333,0.288135593220339,0.0,1.0,1920,0.11896510730814915,8.0,2.9336730499492427
azar,0.5,44,texto_formacion,encadenado,0.9385416666666667,0.0,0.06145833333333333,0.0,0.0026041666666667407,nan,1920,0.11896510730814915,8.0,2.9336730499492427
azar,0.5,44,texto_formacion,agregado,0.9583333333333334,0.0,0.041666666666666664,0.0,7.0,nan,1920,0.11896510730814915,8.0,2.9336730499492427
azar,0.5,44,texto_formacion,pizarron,0.9666666666666667,0.0,0.03333333333333333,0.0,0.0,nan,240,0.11896510730814915,8.0,2.9336730499492427
azar,0.5,44,texto_reservado,directo,0.9173976608187134,0.013888888888888888,0.06871345029239766,0.2978723404255319,0.0,1.0,1368,0.11896510730814915,8.0,2.9336730499492427
azar,0.5,44,texto_reservado,encadenado,0.929093567251462,0.0,0.07090643274853801,0.0,0.01388888888888884,nan,1368,0.11896510730814915,8.0,2.9336730499492427
azar,0.5,44,texto_reservado,agregado,0.9415204678362573,0.0,0.05847953216374269,0.0,7.0,nan,1368,0.11896510730814915,8.0,2.9336730499492427
azar,0.5,44,texto_reservado,pizarron,0.935672514619883,0.0,0.06432748538011696,0.0,0.0,nan,171,0.11896510730814915,8.0,2.9336730499492427
azar,0.5,44,imagen_test,directo,0.62265625,0.37734375,0.0,nan,0.0,1.0,1280,0.08944098672954719,8.0,2.946133370905363
azar,0.5,44,imagen_test,encadenado,0.81875,0.18125,0.0,nan,0.45515267175572527,8.0,1280,0.08944098672954719,8.0,2.946133370905363
azar,0.5,44,imagen_test,agregado,0.81875,0.18125,0.0,nan,7.0,8.0,1280,0.08944098672954719,8.0,2.946133370905363
azar,0.5,44,imagen_test,pizarron,0.81875,0.18125,0.0,nan,0.0,1.0,160,0.08944098672954719,8.0,2.946133370905363
azar,1.0,42,texto_formacion,directo,0.9666666666666667,0.0,0.03333333333333333,0.0,0.0,nan,1920,0.0,8.0,2.987316874979805
azar,1.0,42,texto_formacion,encadenado,0.9666666666666667,0.0,0.03333333333333333,0.0,0.0,nan,1920,0.0,8.0,2.987316874979805
azar,1.0,42,texto_formacion,agregado,0.9666666666666667,0.0,0.03333333333333333,0.0,7.0,nan,1920,0.0,8.0,2.987316874979805
azar,1.0,42,texto_formacion,pizarron,0.9666666666666667,0.0,0.03333333333333333,0.0,0.0,nan,240,0.0,8.0,2.987316874979805
azar,1.0,42,texto_reservado,directo,0.935672514619883,0.0,0.06432748538011696,0.2727272727272727,0.0,nan,1368,0.0,8.0,2.987316874979805
azar,1.0,42,texto_reservado,encadenado,0.935672514619883,0.0,0.06432748538011696,0.0,0.0,nan,1368,0.0,8.0,2.987316874979805
azar,1.0,42,texto_reservado,agregado,0.935672514619883,0.0,0.06432748538011696,0.0,7.0,nan,1368,0.0,8.0,2.987316874979805
azar,1.0,42,texto_reservado,pizarron,0.935672514619883,0.0,0.06432748538011696,0.0,0.0,nan,171,0.0,8.0,2.987316874979805
azar,1.0,42,imagen_test,directo,0.81875,0.18125,0.0,nan,0.0,1.0,1280,0.0,8.0,3.0
azar,1.0,42,imagen_test,encadenado,0.81875,0.18125,0.0,nan,0.0,8.0,1280,0.0,8.0,3.0
azar,1.0,42,imagen_test,agregado,0.81875,0.18125,0.0,nan,7.0,8.0,1280,0.0,8.0,3.0
azar,1.0,42,imagen_test,pizarron,0.81875,0.18125,0.0,nan,0.0,1.0,160,0.0,8.0,3.0
azar,1.0,43,texto_formacion,directo,0.9666666666666667,0.0,0.03333333333333333,0.0,0.0,nan,1920,0.0,8.0,2.987316874979805
azar,1.0,43,texto_formacion,encadenado,0.9666666666666667,0.0,0.03333333333333333,0.0,0.0,nan,1920,0.0,8.0,2.987316874979805
azar,1.0,43,texto_formacion,agregado,0.9666666666666667,0.0,0.03333333333333333,0.0,7.0,nan,1920,0.0,8.0,2.987316874979805
azar,1.0,43,texto_formacion,pizarron,0.9666666666666667,0.0,0.03333333333333333,0.0,0.0,nan,240,0.0,8.0,2.987316874979805
azar,1.0,43,texto_reservado,directo,0.935672514619883,0.0,0.06432748538011696,0.2727272727272727,0.0,nan,1368,0.0,8.0,2.987316874979805
azar,1.0,43,texto_reservado,encadenado,0.935672514619883,0.0,0.06432748538011696,0.0,0.0,nan,1368,0.0,8.0,2.987316874979805
azar,1.0,43,texto_reservado,agregado,0.935672514619883,0.0,0.06432748538011696,0.0,7.0,nan,1368,0.0,8.0,2.987316874979805
azar,1.0,43,texto_reservado,pizarron,0.935672514619883,0.0,0.06432748538011696,0.0,0.0,nan,171,0.0,8.0,2.987316874979805
azar,1.0,43,imagen_test,directo,0.81875,0.18125,0.0,nan,0.0,1.0,1280,0.0,8.0,3.0
azar,1.0,43,imagen_test,encadenado,0.81875,0.18125,0.0,nan,0.0,8.0,1280,0.0,8.0,3.0
azar,1.0,43,imagen_test,agregado,0.81875,0.18125,0.0,nan,7.0,8.0,1280,0.0,8.0,3.0
azar,1.0,43,imagen_test,pizarron,0.81875,0.18125,0.0,nan,0.0,1.0,160,0.0,8.0,3.0
azar,1.0,44,texto_formacion,directo,0.9666666666666667,0.0,0.03333333333333333,0.0,0.0,nan,1920,0.0,8.0,2.987316874979805
azar,1.0,44,texto_formacion,encadenado,0.9666666666666667,0.0,0.03333333333333333,0.0,0.0,nan,1920,0.0,8.0,2.987316874979805
azar,1.0,44,texto_formacion,agregado,0.9666666666666667,0.0,0.03333333333333333,0.0,7.0,nan,1920,0.0,8.0,2.987316874979805
azar,1.0,44,texto_formacion,pizarron,0.9666666666666667,0.0,0.03333333333333333,0.0,0.0,nan,240,0.0,8.0,2.987316874979805
azar,1.0,44,texto_reservado,directo,0.935672514619883,0.0,0.06432748538011696,0.2727272727272727,0.0,nan,1368,0.0,8.0,2.987316874979805
azar,1.0,44,texto_reservado,encadenado,0.935672514619883,0.0,0.06432748538011696,0.0,0.0,nan,1368,0.0,8.0,2.987316874979805
azar,1.0,44,texto_reservado,agregado,0.935672514619883,0.0,0.06432748538011696,0.0,7.0,nan,1368,0.0,8.0,2.987316874979805
azar,1.0,44,texto_reservado,pizarron,0.935672514619883,0.0,0.06432748538011696,0.0,0.0,nan,171,0.0,8.0,2.987316874979805
azar,1.0,44,imagen_test,directo,0.81875,0.18125,0.0,nan,0.0,1.0,1280,0.0,8.0,3.0
azar,1.0,44,imagen_test,encadenado,0.81875,0.18125,0.0,nan,0.0,8.0,1280,0.0,8.0,3.0
azar,1.0,44,imagen_test,agregado,0.81875,0.18125,0.0,nan,7.0,8.0,1280,0.0,8.0,3.0
azar,1.0,44,imagen_test,pizarron,0.81875,0.18125,0.0,nan,0.0,1.0,160,0.0,8.0,3.0
anillo,0,42,texto_formacion,directo,0.125,0.7,0.175,0.0,0.0,1.0,1920,1.0,1.0,0.0
anillo,0,42,texto_formacion,encadenado,0.125,0.7,0.175,0.0,0.0,1.0,1920,1.0,1.0,0.0
anillo,0,42,texto_formacion,agregado,0.125,0.7,0.175,0.0,0.0,1.0,1920,1.0,1.0,0.0
anillo,0,42,texto_formacion,pizarron,0.9666666666666667,0.0,0.03333333333333333,0.0,0.0,nan,240,1.0,1.0,0.0
anillo,0,42,texto_reservado,directo,0.12426900584795321,0.7865497076023392,0.0891812865497076,0.0,0.0,1.0,1368,1.0,1.0,0.0
anillo,0,42,texto_reservado,encadenado,0.12426900584795321,0.7865497076023392,0.0891812865497076,0.0,0.0,1.0,1368,1.0,1.0,0.0
anillo,0,42,texto_reservado,agregado,0.12426900584795321,0.7865497076023392,0.0891812865497076,0.0,0.0,1.0,1368,1.0,1.0,0.0
anillo,0,42,texto_reservado,pizarron,0.935672514619883,0.0,0.06432748538011696,0.0,0.0,nan,171,1.0,1.0,0.0
anillo,0,42,imagen_test,directo,0.10234375,0.89765625,0.0,nan,0.0,1.0,1280,1.0,1.0,0.0
anillo,0,42,imagen_test,encadenado,0.10234375,0.89765625,0.0,nan,0.0,1.0,1280,1.0,1.0,0.0
anillo,0,42,imagen_test,agregado,0.10234375,0.89765625,0.0,nan,0.0,1.0,1280,1.0,1.0,0.0
anillo,0,42,imagen_test,pizarron,0.81875,0.18125,0.0,nan,0.0,1.0,160,1.0,1.0,0.0
anillo,1,42,texto_formacion,directo,0.3697916666666667,0.3875,0.24270833333333333,0.0,0.0,1.0,1920,0.8000612752775128,3.0,1.5744789928446932
anillo,1,42,texto_formacion,encadenado,0.6484375,0.0,0.3515625,0.0,0.9526041666666667,nan,1920,0.8000612752775128,3.0,1.5744789928446932
anillo,1,42,texto_formacion,agregado,0.5536458333333333,0.16041666666666668,0.2859375,0.0,2.0,3.0,1920,0.8000612752775128,3.0,1.5744789928446932
anillo,1,42,texto_formacion,pizarron,0.9666666666666667,0.0,0.03333333333333333,0.0,0.0,nan,240,0.8000612752775128,3.0,1.5744789928446932
anillo,1,42,texto_reservado,directo,0.36622807017543857,0.4685672514619883,0.1652046783625731,0.01327433628318584,0.0,1.0,1368,0.8000612752775128,3.0,1.5744789928446932
anillo,1,42,texto_reservado,encadenado,0.7390350877192983,0.0,0.26096491228070173,0.0,1.2719298245614037,nan,1368,0.8000612752775128,3.0,1.5744789928446932
anillo,1,42,texto_reservado,agregado,0.564327485380117,0.22807017543859648,0.20760233918128654,0.0,2.0,3.0,1368,0.8000612752775128,3.0,1.5744789928446932
anillo,1,42,texto_reservado,pizarron,0.935672514619883,0.0,0.06432748538011696,0.0,0.0,nan,171,0.8000612752775128,3.0,1.5744789928446932
anillo,1,42,imagen_test,directo,0.30703125,0.69296875,0.0,nan,0.0,1.0,1280,0.8000928107021504,3.0,1.584962500721156
anillo,1,42,imagen_test,encadenado,0.81875,0.18125,0.0,nan,1.8902671755725189,8.0,1280,0.8000928107021504,3.0,1.584962500721156
anillo,1,42,imagen_test,agregado,0.51171875,0.48828125,0.0,nan,2.0,3.0,1280,0.8000928107021504,3.0,1.584962500721156
anillo,1,42,imagen_test,pizarron,0.81875,0.18125,0.0,nan,0.0,1.0,160,0.8000928107021504,3.0,1.584962500721156
anillo,2,42,texto_formacion,directo,0.6114583333333333,0.16041666666666668,0.228125,0.0,0.0,1.0,1920,0.5799528219703501,5.0,2.3100769866964357
anillo,2,42,texto_formacion,encadenado,0.753125,0.0,0.246875,0.0,0.2718750000000001,nan,1920,0.5799528219703501,5.0,2.3100769866964357
anillo,2,42,texto_formacion,agregado,0.8796875,0.0,0.1203125,0.0,4.0,nan,1920,0.5799528219703501,5.0,2.3100769866964357
anillo,2,42,texto_formacion,pizarron,0.9666666666666667,0.0,0.03333333333333333,0.0,0.0,nan,240,0.5799528219703501,5.0,2.3100769866964357
anillo,2,42,texto_reservado,directo,0.6001461988304093,0.22807017543859648,0.17178362573099415,0.03829787234042553,0.0,1.0,1368,0.5799528219703501,5.0,2.3100769866964357
anillo,2,42,texto_reservado,encadenado,0.8084795321637427,0.0,0.1915204678362573,0.0,0.3771929824561404,nan,1368,0.5799528219703501,5.0,2.3100769866964357
anillo,2,42,texto_reservado,agregado,0.8706140350877193,0.0,0.12938596491228072,0.0,4.0,nan,1368,0.5799528219703501,5.0,2.3100769866964357
anillo,2,42,texto_reservado,pizarron,0.935672514619883,0.0,0.06432748538011696,0.0,0.0,nan,171,0.5799528219703501,5.0,2.3100769866964357
anillo,2,42,imagen_test,directo,0.51171875,0.48828125,0.0,nan,0.0,1.0,1280,0.5799998131656853,5.0,2.321928094887362
anillo,2,42,imagen_test,encadenado,0.81875,0.18125,0.0,nan,0.6383587786259541,8.0,1280,0.5799998131656853,5.0,2.321928094887362
anillo,2,42,imagen_test,agregado,0.81875,0.18125,0.0,nan,4.0,5.0,1280,0.5799998131656853,5.0,2.321928094887362
anillo,2,42,imagen_test,pizarron,0.81875,0.18125,0.0,nan,0.0,1.0,160,0.5799998131656853,5.0,2.321928094887362
anillo,3,42,texto_formacion,directo,0.85,0.0421875,0.1078125,0.0,0.0,1.0,1920,0.25,7.0,2.7949127284876405
anillo,3,42,texto_formacion,encadenado,0.8921875,0.0,0.1078125,0.0,0.042187500000000044,nan,1920,0.25,7.0,2.7949127284876405
anillo,3,42,texto_formacion,agregado,0.9651041666666667,0.0,0.034895833333333334,0.0,6.0,nan,1920,0.25,7.0,2.7949127284876405
anillo,3,42,texto_formacion,pizarron,0.9666666666666667,0.0,0.03333333333333333,0.0,0.0,nan,240,0.25,7.0,2.7949127284876405
anillo,3,42,texto_reservado,directo,0.8252923976608187,0.06432748538011696,0.11038011695906433,0.12582781456953643,0.0,1.0,1368,0.25,7.0,2.7949127284876405
anillo,3,42,texto_reservado,encadenado,0.8888888888888888,0.0,0.1111111111111111,0.0,0.06432748538011701,nan,1368,0.25,7.0,2.7949127284876405
anillo,3,42,texto_reservado,agregado,0.9334795321637427,0.0,0.06652046783625731,0.0,6.0,nan,1368,0.25,7.0,2.7949127284876405
anillo,3,42,texto_reservado,pizarron,0.935672514619883,0.0,0.06432748538011696,0.0,0.0,nan,171,0.25,7.0,2.7949127284876405
anillo,3,42,imagen_test,directo,0.71640625,0.28359375,0.0,nan,0.0,1.0,1280,0.25,7.0,2.8073549220576037
anillo,3,42,imagen_test,encadenado,0.81875,0.18125,0.0,nan,0.125,8.0,1280,0.25,7.0,2.8073549220576037
anillo,3,42,imagen_test,agregado,0.81875,0.18125,0.0,nan,6.0,7.0,1280,0.25,7.0,2.8073549220576037
anillo,3,42,imagen_test,pizarron,0.81875,0.18125,0.0,nan,0.0,1.0,160,0.25,7.0,2.8073549220576037
anillo,4,42,texto_formacion,directo,0.9666666666666667,0.0,0.03333333333333333,0.0,0.0,nan,1920,0.0,8.0,2.987316874979805
anillo,4,42,texto_formacion,encadenado,0.9666666666666667,0.0,0.03333333333333333,0.0,0.0,nan,1920,0.0,8.0,2.987316874979805
anillo,4,42,texto_formacion,agregado,0.9666666666666667,0.0,0.03333333333333333,0.0,7.0,nan,1920,0.0,8.0,2.987316874979805
anillo,4,42,texto_formacion,pizarron,0.9666666666666667,0.0,0.03333333333333333,0.0,0.0,nan,240,0.0,8.0,2.987316874979805
anillo,4,42,texto_reservado,directo,0.935672514619883,0.0,0.06432748538011696,0.2727272727272727,0.0,nan,1368,0.0,8.0,2.987316874979805
anillo,4,42,texto_reservado,encadenado,0.935672514619883,0.0,0.06432748538011696,0.0,0.0,nan,1368,0.0,8.0,2.987316874979805
anillo,4,42,texto_reservado,agregado,0.935672514619883,0.0,0.06432748538011696,0.0,7.0,nan,1368,0.0,8.0,2.987316874979805
anillo,4,42,texto_reservado,pizarron,0.935672514619883,0.0,0.06432748538011696,0.0,0.0,nan,171,0.0,8.0,2.987316874979805
anillo,4,42,imagen_test,directo,0.81875,0.18125,0.0,nan,0.0,1.0,1280,0.0,8.0,3.0
anillo,4,42,imagen_test,encadenado,0.81875,0.18125,0.0,nan,0.0,8.0,1280,0.0,8.0,3.0
anillo,4,42,imagen_test,agregado,0.81875,0.18125,0.0,nan,7.0,8.0,1280,0.0,8.0,3.0
anillo,4,42,imagen_test,pizarron,0.81875,0.18125,0.0,nan,0.0,1.0,160,0.0,8.0,3.0
